AD,PRS,ADPRS01,AP2B1,BC1,AD001F12,GGGCCAAAACTTTACTAACTCTCTG,AAGTGTTTCTCAGTAGAGGAACATA
AD,PRS,ADPRS01,AP2B1,BC2,AD001F13,TACGAGCCGGGAGGTCAAGGCGAAA,TCTATTCTTTTGGTCCTTCAGTGAC
AD,PRS,ADPRS01,AP2B1,BC3,AD001F14,AGTGATTTCAGGTTTTTATGGCTTC,ATATTAATGACTTCAAAAATAAAGG
AD,PRS,ADPRS02,ARL2BP,BC1,AD001E24,ACTCCATATAATACACTTATGACAG,TTATCCTAGTAAGACAACGGAGACC
AD,PRS,ADPRS02,ARL2BP,BC2,AD001F1,TAGGATTCTTGCTAATGGTAGGATC,CAATGACCGAAATCCATGTGAGTTA
AD,PRS,ADPRS02,ARL2BP,BC3,AD001F4,TATGTTACCGAAGCATTGGCAGAGG,CTAAAGAATAGAGGAATTCATACCC
AD,PRS,ADPRS03,BIK,BC1,AD001D9,TGAGATGGCTGAGGTGAGCACGACT,GTTCGTAGCGAAGACTAAAGGCTCT
AD,PRS,ADPRS03,BIK,BC2,AD001D11,TTTCATAAATGGATATTACCTGCAT,TCCCCCAGTGGAACCAAAAGTAATC
AD,PRS,ADPRS03,BIK,BC3,AD001D16,AGGTAACGTTGAAATACATGGGGGC,AATACCACAGAATATGTAATTGAAT
AD,PRS,ADPRS04,BNIP3L,BC1,AD001E9,AGACTTTACTTCAATGGAGATATTT,GTTTTGACGCATAAGTCAGGTCCAA
AD,PRS,ADPRS04,BNIP3L,BC2,AD001E12,TTTTCTCGAATTCTAATGGGAACGC,TGCCCTTGCGGAGCCCGCGCGTACG
AD,PRS,ADPRS04,BNIP3L,BC3,AD001E18,TTTTCTTTTACTACACATCGATCCA,TAAGATTATCTTATTAGAGAAATGC
AD,PRS,ADPRS05,CCND3,BC1,AD001F2,CGTTTCACTGGAATCAGACCAAGTG,TGCCCAAGGGTGGGAACCTCCTTAC
AD,PRS,ADPRS05,CCND3,BC2,AD001F3,CTTCGCCTAGCATTATTTCATTTTG,ACCCGCCCTGCAATTCTGGCGGGTT
AD,PRS,ADPRS05,CCND3,BC3,AD001F5,CCACATCTTTATTCACAAGGGCGAA,ACTTCGTCTACCAGATATGGAAAGG
AD,PRS,ADPRS06,CDK4,BC1,AD001E2,ACATATCAGTACTCCAAACCGCCTG,ATGGTAAGTAATACCATACTAAATA
AD,PRS,ADPRS06,CDK4,BC2,AD001E4,TACAGATTCATCAATGGATAGAGGA,TCCTCTATCAAATGAAAAATCGAGA
AD,PRS,ADPRS06,CDK4,BC3,AD001E6,GTCTCGTAGCTGTCCTTAAGGTGTC,TAGTTTAGCGTAGTTCCAGAGATAA
AD,PRS,ADPRS07,CDKN2D,BC1,AD001F18,TTGAGGTTATCTACTGAGCGGGCAG,TACACTTATCCAGCCCGAGAGGATG
AD,PRS,ADPRS07,CDKN2D,BC2,AD001F19,AGTTGTCACAATGGCTCCGGGAAGT,ACATCACCGCCCCTCTACCCACCCC
AD,PRS,ADPRS07,CDKN2D,BC3,AD001F20,GTGATAAGTCCGTGTAGCCGGATTG,CTAGTAAAAAGGCTTACAACGTCAG
AD,PRS,ADPRS08,CEP55,BC1,AD001F9,TTTATTCTTATCCTGATACTGTTCC,AAAGGCCAGGTGTTAGGCAATCGTA
AD,PRS,ADPRS08,CEP55,BC2,AD001F10,CTGAGATATTAGAGGGATAAGCAAT,ACCCGACCGCACCCCGACGGAAACT
AD,PRS,ADPRS08,CEP55,BC3,AD001F11,AAGGTGAGTGAACCTGTGTACTTGC,AATCTCAGAGTCACGGGAACTGACC
AD,PRS,ADPRS09,CNOT7,BC1,AD001F15,CCGTAGGTTCTTTAATAGTGTCTTA,ATTCTGTCATACGTGGTAATCATGA
AD,PRS,ADPRS09,CNOT7,BC2,AD001F16,ATTTCCTAGTGGTAAGCAGACGTT,TGAAGAAATAGATCTGACCAGGTGA
AD,PRS,ADPRS09,CNOT7,BC3,AD001F17,TTAAGAGTGCGGCTGAGCCTGGGAG,GTTTAACCCGCAACCCGTTCTGTGT
AD,PRS,ADPRS10,EXOSC5,BC1,AD001E17,TAATTGCAATCATAACATATATTTT,ATGCTCGTGTATTCGAAATAAACAA
AD,PRS,ADPRS10,EXOSC5,BC2,AD001E19,AACTCGGAGGCCGGTAAATCGCCTT,GCCCGCTAATAATTTAAGTAAAGTG
AD,PRS,ADPRS10,EXOSC5,BC3,AD001E22,ATCAAGAATAGCTAGGGTCTAGGCT,GACTGTTCTTGAACGATCTGAACAA
AD,PRS,ADPRS11,IKZF1,BC1,AD001F6,AATTGTGGTTTTTTCAGTTAGCGCT,GTACGAGACTTCAACTAGTAGGTAG
AD,PRS,ADPRS11,IKZF1,BC2,AD001F7,CTAGCTGTTTTATTTGTTATTTTAA,TAAGCTTACACTGCACAATAAGTCA
AD,PRS,ADPRS11,IKZF1,BC3,AD001F8,GTCTCCGCAAACATAATTTACATAA,TGTACATGAGCGTTTAAACGATCTA
AD,PRS,ADPRS12,LSM3,BC1,AD001D19,CGGTTGATTGTAGCTGGCGAACGAA,ACCGTTCCCCGCATCTCCGTACCCA
AD,PRS,ADPRS12,LSM3,BC2,AD001D22,GGCTATACAACCTGAACTATACGAA,TAATAGACGATATGCTTAACCTTAT
AD,PRS,ADPRS12,LSM3,BC3,AD001E3,CTATATTAAATTTTAATTGACTTAT,AAAGGCACGAGGAACTGAGACGATT
AD,PRS,ADPRS13,MORF4L1,BC1,AD001D8,AAAAGGAGATGGGACCCAACACATT,ACCACAACATTTAACACCTCCCAGA
AD,PRS,ADPRS13,MORF4L1,BC2,AD001D10,TGCGAACTTCCGCATGTGCTTAATT,TAATAATGTATACATTAATGAAGAT
AD,PRS,ADPRS13,MORF4L1,BC3,AD001D14,ACCGTTCTGGGTATTAAATGAGGGT,TTCGGATCGCCCACCGCGCCTGGCT
AD,PRS,ADPRS14,MRFAP1L1,BC1,AD001E5,TTTAGCAGCTGTGTCTCTGTGACAC,TGATAGCCGAACGTGCATGTCAAAA
AD,PRS,ADPRS14,MRFAP1L1,BC2,AD001E7,ATGAATTGAATGTTCCAAACTTTGG,ACCGCCCCCGCAACCCGGCTGACTT
AD,PRS,ADPRS14,MRFAP1L1,BC3,AD001E10,TTTACCGGATCTCCAGCAGTCTTTG,AAGTATTGAATGGTTGTATTGTATG
AD,PRS,ADPRS15,PSMC2,BC1,AD001D18,ACCATGGATGTCGCTATTCTTTATA,TTCAACAATTGGGAGATATGAATGC
AD,PRS,ADPRS15,PSMC2,BC2,AD001D21,GCGGTCAAAGGCTAGGCCGTGGGCA,CGCTATTGAGATTCCTATCCAGCAC
AD,PRS,ADPRS15,PSMC2,BC3,AD001D24,TCGCCAAAAATGCGAGTGAAGCTAT,AAGGCCTCCGAAATGTAATAATGAT
AD,PRS,ADPRS16,PSMD2,BC1,AD001E8,AAACCGTCCTGTGATCGCATGGAAA,GACTATGGAGATAACTGCTTCGAAC
AD,PRS,ADPRS16,PSMD2,BC2,AD001E11,GTAACATCAGCAGCGTGAAAGCGCT,AGATTTGCGGTTTAGCAGGTCACGT
AD,PRS,ADPRS16,PSMD2,BC3,AD001E13,ACTGATGCGATGTAAGCAAAGATCT,CCTATTAGTTTTCCAATTTCCTTTT
AD,PRS,ADPRS17,S100A1,BC1,AD001E14,AAAATTCAATTTACAATATAAATTA,AAATTAGTCTGATAGCGCTACGGTC
AD,PRS,ADPRS17,S100A1,BC2,AD001E21,CTGATAGAGTGTCTACCTATAGTGT,GGTTGCCAAAGAAGACACAAATATG
AD,PRS,ADPRS17,S100A1,BC3,AD001E23,GATCCAAAAGTTATTTTCAGCTACA,TTTTAAGTCACTAGAGTTGTTACGG
AD,PRS,ADPRS18,SH3GLB2,BC1,AD001D5,TTGGCCCCCTTTTCATTAATGTATA,GAGTTCGGTGTACTTCAAAGTAACT
AD,PRS,ADPRS18,SH3GLB2,BC2,AD001D7,CATTGTCTGACCTCCCAGTGCATGA,AAATCTTCCTCGTGTGCGACGTTAA
AD,PRS,ADPRS18,SH3GLB2,BC3,AD001E20,CACTGGACAGGGCGCCGGGGTGGGT,ACGCAATGGTGTATTCAGTTTATAA
AD,PRS,ADPRS19,lpg0130,BC1,AD001B6,GGGAGGCAACAGGTCATGGATGCAT,GTATCCTCCTTCAGTTTTTACCGAT
AD,PRS,ADPRS19,lpg0130,BC2,AD001C16,TTTGAGCCCGGGTCAGGTCTGGGGA,CTAGACGTGAGGTGAGGAGTATTGT
AD,PRS,ADPRS20,lpg0944,BC1,AD001A3,CCTAATTAGCCATGTGACGGGCTC,TAAGGAATAGATCTGCGTCAAAGAT
AD,PRS,ADPRS20,lpg0944,BC2,AD001A4,CGTGTAGGCCTTAACAGTTGATTCT,ATGTACGACATGTAAAGGATACCAA
AD,PRS,ADPRS20,lpg0944,BC3,AD001A17,ACTATGGTCACTTATAACATATTCT,AAGAATTAAACAGCAGCTGTATTTA
AD,PRS,ADPRS21,lpg0945,BC1,AD001A18,CATGACTCGGGAACTCATCTACCGA,GAGCCGTCTCCCCTAACTTCACTTT
AD,PRS,ADPRS21,lpg0945,BC2,AD001A19,AGTATCATGTTTATCTTCGATTTCA,CCACGATGTACAGGCTTGAACCCTA
AD,PRS,ADPRS21,lpg0945,BC3,AD001B9,CTGGGCTGAAACTCGCTATTGAGTT,TACGCCATAACATTTCAATGAGATT
AD,PRS,ADPRS22,lpg1148,BC1,AD001A5,GGGTGTCTCTGGGGCTCGTCGGCGT,AACTCCCCGCTACGGTCTACACACA
AD,PRS,ADPRS22,lpg1148,BC2,AD001A22,GCAGCCAGGTTGAGAAAGTTGTCAG,GGAAAATGATTGTGGTACTTCTATC
AD,PRS,ADPRS22,lpg1148,BC3,AD001C5,CCAAAGGTCGTGGCAAGGGCCAGCG,TGATATTTAAGGAAATTGAAGCGCT
AD,PRS,ADPRS23,lpg1701,BC1,AD001A6,TTGAAAAATCTGTGGGGCTTTAGTT,ACAGAGGTATGACTAATTCGTCAAC
AD,PRS,ADPRS24,lpg2975,BC1,AD001B14,AAGATTGCTTGAGCCAGCTCAATAA,ACTGCGAAGATACTACAGAACAATG
AD,PRS,ADPRS24,lpg2975,BC2,AD001B21,AGAGTTACGGGATCACACTTTTTTT,CACTACATTGAGCCCACCACTGCCA
AD,PRS,ADPRS24,lpg2975,BC3,AD001C15,ATTCCACATTTTCACCTTAAATAAC,GGCGAGGCTGTCCAATTCCTTGAAT
AD,PRS,ADPRS25,lpg2298,BC1,AD001A24,TTAAATGAGCGCGAAGTTCTTCGTA,GCGTAGTCACTGAGAACATCTGGCG
AD,PRS,ADPRS25,lpg2298,BC2,AD001B18,CTTGTATTAGTTCTATCCGTTCCCT,ATGAGACAAAAGTTGGATTTGGTAA
AD,PRS,ADPRS25,lpg2298,BC3,AD001C19,GCTAACAAATTGCTCTAAATACCCG,GCGAAAATGAAGTGTGCGCAAACAT
AD,PRS,ADPRS26,lpg2344,BC2,AD001C21,ATTCCTGCGCAGCTCTACCAAGATG,TTTTGCCTATTCTCTAAAATCA
AD,PRS,ADPRS26,lpg2344,BC3,AD001C22,GTTTTTAGGTACTTGCAGGCTTGCC,CAGGATCGTAAAAACTTTATTATCT
AD,PRS,ADPRS27,lpg2482,BC1,AD001A11,ATCGAAGTCGCTGTGCCTTTGAAT,ATGCTAGACAGGACAAACAAGAGCG
AD,PRS,ADPRS27,lpg2482,BC2,AD001B1,TGAGAAAGGTAATGAGCGG,CGTCAACACGTTCCATACCTGGAGT
AD,PRS,ADPRS27,lpg2482,BC3,AD001C7,GAAAATTTTAAACGATGCCATTAAT,GGGGATACGGAGTGTTATCGTCCCT
AD,PRS,ADPRS28,lpg2391,BC1,AD001A8,CACGAGCTGAACCATCGTTTGAATT,CAGATTCGAAGCGTGGCTGATGGAA
AD,PRS,ADPRS28,lpg2391,BC2,AD001C6,TTAATACTTCGGTAACATCTTATTA,TTATTCAGATCGGTTGATCTAAATG
AD,PRS,ADPRS28,lpg2391,BC3,AD001D2,AGTATTTTGAGTAAATTATTGCCTG,TTCTGATGACCGCTATTGGGAAA
AD,LPG,ADLPG01,lpg0080,BC1,AD001A14,TTATAGACCTTTCTCATTGTGACGT,AAGTGAAACTTAGTAGTGACTCGGA
AD,LPG,ADLPG01,lpg0080,BC2,AD001B5,TTCTTGCCTAAATCGTTATATCTCC,ATAACTAAGTTACTAGCGACCCGGT
AD,LPG,ADLPG01,lpg0080,BC3,AD001C10,TGCCGTTGAAGGTTAAAGAAGGTAT,ATCAATTACACAGATGAAAAAACGG
AD,LPG,ADLPG02,lpg0081,BC1,AD001A1,GATGTTTAGTTTGGCCGATGGTTTA,TACTCCACATCAACGGGTAAATATC
AD,LPG,ADLPG02,lpg0081,BC2,AD001A15,AGAGGAATTCGTGGTTCATGATTCA,GGGCGAAGTAATGCCAGTGCACCCT
AD,LPG,ADLPG02,lpg0081,BC3,AD001B22,CTAAGTTTCTATAACTGATTGGGGA,TACCTCAGCCCGGTTATAACCCTAG
AD,LPG,ADLPG03,lpg0208,BC1,AD001B23,CTATTTCACTAGCGTTGGTACCATT,TCTTAGAGGCAAAGCAACTAAGGAT
AD,LPG,ADLPG04,lpg0210,BC1,AD001B15,TTTAGGTGAACCGAAGGTTAAGATG,CCGTTGTGTGAGCGACCAAAGTAAA
AD,LPG,ADLPG04,lpg0210,BC2,AD001B24,CTCGCGGCAGTGTATGTATTTTTTT,GGTTTTTGTAACGATGGTAATGAAC
AD,LPG,ADLPG04,lpg0210,BC3,AD001C17,GTCACTACAGCGAGCTTATGGTTGT,TAGGACCACCATAGGTGGAAAAGTT
AD,LPG,ADLPG05,lpg0234,BC1,AD001D4,GTGACAGGTATCAATTGTGTAATTT,TGGGAGCATTGTAAATGGTACAGGA
AD,LPG,ADLPG05,lpg0234,BC2,AD001D6,AGGGATATCGGTCATCTGAACTAAG,TACCCTGCGAAATAAAATGAATAAA
AD,LPG,ADLPG06,lpg0436,BC1,AD001B7,TAAGGGGTCCGTAGGTACGACTAAG,TTAAAAGTTAGCTGA
AD,LPG,ADLPG06,lpg0436,BC2,AD001C1,GCACGGTTGAGTATAGTACACTACT,CGCCACAATTATCATTGCTAATATA
AD,LPG,ADLPG06,lpg0436,BC3,AD001C2,TTGAGTTGTCTTAAACGAACAGACC,TCGTGCCAACCGCATATACCTACAG
AD,LPG,ADLPG07,lpg0437,BC1,AD001B8,CACGTTACTCCTTAAGTCGTAACGA,TTTGTCCCTAAGTTGAGTTCGACAA
AD,LPG,ADLPG07,lpg0437,BC2,AD001C3,CATTTTGAAGTATATGGTTTATCGT,CTATTTGTGAATTAAAAAACAAACT
AD,LPG,ADLPG07,lpg0437,BC3,AD001C11,CTAGGTAGGGGCGGTGCCTAGGTGT,AAATGTGATCATAAAGCTTGATGAA
AD,LPG,ADLPG08,lpg0695,BC1,AD001A16,ATTTATGAGCAAAATAAATCTGAAC,GACGCAGTGAGAAGGCGACGTCGAT
AD,LPG,ADLPG09,lpg0696,BC1,AD001A2,GATGCGGGCCCCCGGCGGGCAATC,ATAGTTGCTTGCGGTAAAATAAACA
AD,LPG,ADLPG09,lpg0696,BC2,AD001B16,ACTCTAGTTATATATTATATCCCCG,GTATGATAGATAGAATTATAAACCT
AD,LPG,ADLPG09,lpg0696,BC3,AD001C4,TTTATCGTCGACGGCAGTCAAGCAG,TGAGAGGAACTCCCAAGAACAACCT
AD,LPG,ADLPG10,lpg1108,BC1,AD001A20,GTAGAGAGCTTACTGGATACACCGA,TTGAGTAAGATAATGTAGTAGAAAA
AD,LPG,ADLPG10,lpg1108,BC2,AD001A21,TGTTTACTCTGGAAGCGCAGGGCGT,GAAGCCCTGTTAAGCTGTTACGTAC
AD,LPG,ADLPG10,lpg1108,BC3,AD001C12,TTACTTTCGCTAATGTGTATTTTGA,GTCCCACATTAGATTTAAGGTTGCT
AD,LPG,ADLPG11,lpg1959,BC1,AD001D17,ATGTCGGACAGGACCAAAGACGGGC,TTGGTGTAGCACCATGCGTCTGTTA
AD,LPG,ADLPG11,lpg1959,BC2,AD001D20,ACCACCACGCCCGAACTATTATTTA,TCTTTCAGGGGGGCCAGCAGTTAAA
AD,LPG,ADLPG12,lpg2147,BC1,AD001A23,TGGCGGTAGGAACTTGGCACAACAT,TATGAGAGTATCCTGTTGGATTAAT
AD,LPG,ADLPG13,lpg2148,BC1,AD001B10,CCGAACAGACGCCTGCGGTGCGGCG,TCTATCAATCAAAATTATAACATTT
AD,LPG,ADLPG14,lpg2153,BC1,AD001B17,TTCAGTGTGCAATAGCTGTTGTAAG,ATAAGCTCGACTGTACCTGGGCATA
AD,LPG,ADLPG15,lpg2155,BC1,AD001A7,CCCTCTAGTCGTAGCCCCTGATCCG,CATGAGATCAATAGCTGGTCCTAAT
AD,LPG,ADLPG15,lpg2155,BC2,AD001C18,CTATTTCGTGTGCCCGGCTTTGAAC,TGGACACGAAGAAACCGTTCCATAA
AD,LPG,ADLPG15,lpg2155,BC3,AD001D1,TACCTCCGCAGGTTTTGAATTAATG,AGAAGTGTAGTTATAGCAGACCGTG
AD,LPG,ADLPG16,lpg2156,BC1,AD001E15,TCTGTCGTACTTCAAGATTGTTGAA,CATAGGTGTATTAACTAATGGGATC
AD,LPG,ADLPG17,lpg2157,BC1,AD001D12,TTTGATGATCTTTTATATCTAACTA,AGTACCCTCGAAACCAGGCAAAGGA
AD,LPG,ADLPG17,lpg2157,BC2,AD001D13,CGTCCTTGATTAGTAACCCGGTTCA,GCAGGATAAACTCTGATAATACACG
AD,LPG,ADLPG17,lpg2157,BC3,AD001D15,CAGCTAAGGCTTTGGGGGTTTGAAG,ACCGGGTAAGTAAGAATCATGCCTT
AD,LPG,ADLPG18,lpg2452,BC1,AD001D23,ATACATACTACGCTTCAGTCGTGCG,AAGCTATCCATTATATAGACCATTG
AD,LPG,ADLPG18,lpg2452,BC2,AD001E1,TGGTCAATATCTGTTATTTGTATAA,ACCCGATTTTATAACTATTTACATC
AD,LPG,ADLPG19,lpg2464,BC1,AD001A9,AATTAGGTTGCGGGCGGGTAGTGGA,CATGCGCCATACCCAAAGCCGAACA
AD,LPG,ADLPG19,lpg2464,BC2,AD001C13,TGGGTTCCGGAGGGATTGAGCTTGA,CTTATTCAGAAATACGTATCGGATA
AD,LPG,ADLPG19,lpg2464,BC3,AD001D3,ATCTTCAATTTTTAATGGATGTGCG,GTACTTCTTAATGAAAGGTATGGAT
AD,LPG,ADLPG20,lpg2465,BC1,AD001A10,TCATTCAGTGACCCTTAGCCGTAAA,GGTGAACAGAGCCAGCATGAACATA
AD,LPG,ADLPG20,lpg2465,BC2,AD001C14,ACAAACATATCGAAAATGGGAATTT,TTTGCCCAGCCCTGGTAGATCAGGA
AD,LPG,ADLPG20,lpg2465,BC3,AD001C23,AAGTTTGGTTGCCGCGGCTGGCTCA,TATAATAGACTACGAACATAACGGT
AD,LPG,ADLPG21,lpg2508,BC1,AD001B11,TAGTAACGGAAAACGATTGGGGGGG,GGAACACTTCTAGGTATCCGAATTT
AD,LPG,ADLPG21,lpg2508,BC2,AD001B19,TATTTCTTGGCTAGGACAGCCTGTC,GCCAGAAGACTGTCCGCACTTTCAA
AD,LPG,ADLPG22,lpg2510,BC1,AD001B2,TCGCGTGGTTTTTCCCCTATTCTGT,CTGCTGATAAAGTAACATAGCCAGT
AD,LPG,ADLPG22,lpg2510,BC2,AD001B12,TAATTCCACAGTAGATGTGCAATCA,AGTAATATGCGAGCTGGCATATCTA
AD,LPG,ADLPG23,lpg2523,BC1,AD001A12,AGTTATCGACTTAACGCTTAGTGCG,GTTAGCCTCCGAACGCGTGCTTTCT
AD,LPG,ADLPG23,lpg2523,BC2,AD001C8,GATTTCTGAGACTTATACAAATAAG,GCACAACTGCCAAATGAACGCTAGC
AD,LPG,ADLPG23,lpg2523,BC3,AD001C24,CCTCCAAATAAGAGTGCTGGGCATG,GCGTTTAGTCACTTGGTGTCGCGAA
AD,LPG,ADLPG24,lpg2526,BC1,AD001B3,CGTTCTGATGCAGATGGCCATCACA,CCTAGCGAGCCGCATCCCTCGGCAC
AD,LPG,ADLPG24,lpg2526,BC2,AD001B20,TACAGGTTCAAAGCTTTGGCATGGT,TGGAAATGTTGTCGTCAAAGCGCTT
AD,LPG,ADLPG24,lpg2526,BC3,AD001C9,AAATTAATTCCGTAATTATAGGTTA,AGTCACCATTTCTGTAGTACGCCCA
AD,LPG,ADLPG25,lpg2829,BC1,AD001E16,CGGTCGACCTAGAAAACTACAGGCA,ACACCACGTTTCGCTTCCATTATAA
AD,LPG,ADLPG26,lpg2830,BC1,AD001A13,TCCCCTGAAGATAGCAAGGTATCTA,CAAATCTATGCGACAAATACGTGGA
AD,LPG,ADLPG26,lpg2830,BC2,AD001B4,TGTGTCTTCTTTACATGTGAGGTGT,CACGTAGTTAAAAGGCTACTTAACA
AD,LPG,ADLPG26,lpg2830,BC3,AD001B13,TCGTTCTTTATGTATTCAAATTTTT,TCCACGCGTAGACAAGCAAAGTCC
DB,PRS,DBPRS01,ARL2,BC1,DB001F14,ACAGTTTATTTTATTCCCCCCTATA,ACAACCACCGGCCATAAGAGGGACA
DB,PRS,DBPRS01,ARL2,BC2,DB001F17,GCCTAGTAATTGACCGGTTTATTAT,GCCGTGTTAAGCATCTCTTCACACT
DB,PRS,DBPRS01,ARL2,BC3,DB001F19,TTCGGCTTTCTCCAGTTCCCATTGA,TCCGTTAAAATCGAACTGTCCCATT
DB,PRS,DBPRS02,BCL2L2,BC1,DB001E2,TCCACTCGACTGATCTAACTATCAC,AGTACTAACTTCATAACAGCATATT
DB,PRS,DBPRS02,BCL2L2,BC2,DB001D22,ACTTCAGCCCCTTGAGCTAATCCGT,AGGTACGGAATAAGCTCGACCTACA
DB,PRS,DBPRS02,BCL2L2,BC3,DB001G3,ATCGGCATAAATTCCTTGTACGATC,CCTGTCCTCCTATAGCTTCTCGCAA
DB,PRS,DBPRS03,BNIP3,BC1,DB001F6,ACAGCTATCGGATATTCTTAAGCTT,GAAAGTACTAACATGGTTGTTGAAG
DB,PRS,DBPRS03,BNIP3,BC2,DB001F13,AATTAATTCAGGATTCGACGTTTAG,ATTGTCGCCTAATTAATGGACAAGT
DB,PRS,DBPRS03,BNIP3,BC3,DB001F10,CATAGGAAGGAATTTGATCGTGGGC,CGTAGATAAAGTCAAGTAACATCAG
DB,PRS,DBPRS04,BTG1,BC1,DB001E24,TTATTTAGTGGTGGTGATCCATTTC,TTCATGTCGCATTAGGTTACTATGC
DB,PRS,DBPRS04,BTG1,BC2,DB001E19,ATGTTCTTTTTCATACATTTATTTA,ATGAATGATTTATTCCATGGTATTA
DB,PRS,DBPRS04,BTG1,BC3,DB001E21,TGAGATGCACAACGGAGTCCCTACT,ACGTATAAGTATCCATTGTAAAGAA
DB,PRS,DBPRS05,CCND2,BC1,DB001E23,GTTAGGGTCAAGGCGTGGTCGTCTT,CTATGCTAATCGACGAATCCCCATC
DB,PRS,DBPRS05,CCND2,BC2,DB001F2,TTCGGTTGTGACGTATAGGAAGGTA,GCTCCTTAAGCCGTCCGCGAGAGAC
DB,PRS,DBPRS06,CDK4,BC1,DB001D24,TTTGGTCTTAGATGGATTGTAGAAA,ATCATGGAGGCCTGACCATTATACA
DB,PRS,DBPRS06,CDK4,BC2,DB001D21,AGCGCCATATATGTTTCTAAAAGAA,AAACTCCCCCACTCGAGATGCCATC
DB,PRS,DBPRS06,CDK4,BC3,DB001E3,TTCGCGCCAAGTGCGAATTTTGCCT,GACAACAAAACATAAATCAGACACA
DB,PRS,DBPRS07,CDK6,BC1,DB001F15,CCAGTTATTTGTATTATAATCTAAT,TTTTCTATACTCGTTAAGTCTCAGG
DB,PRS,DBPRS07,CDK6,BC2,DB001F8,TCTGTTCAATCCGGACGCATACTAT,GCGGAGTGAAGATTATCCAAAACTT
DB,PRS,DBPRS07,CDK6,BC3,DB001F4,GTAGCTTCAATACTGTTATGAATTT,AATAATAGAATGAAAGTAGAGATCG
DB,PRS,DBPRS08,EXOSC1,BC1,DB001G2,TAGGGTATAGGGTTTATGGCTTGGA,ATATTATCGCAGTCGTGACTTAGTG
DB,PRS,DBPRS08,EXOSC1,BC2,DB001F21,CTACGATGACCGTCTTTTCTAGGCT,AAAATGAATCTACAGGAAATTATAT
DB,PRS,DBPRS08,EXOSC1,BC3,DB001F24,GCCACTTTTAATATGGATCATTTGT,TAATGTTTCTGGGAGTCAAAGTAAC
DB,PRS,DBPRS09,IKZF5,BC1,DB001D23,TTCTTTCCTTCTAAATTATGTTGGT,TTCACTCGTAGAACTCTTCTGTTGC
DB,PRS,DBPRS10,LDLRAP1,BC1,DB001E9,TTATTTACTGATCAGTCCGCCATCG,CTCCTTAGCCCTGGAACTCATATCA
DB,PRS,DBPRS10,LDLRAP1,BC2,DB001E15,ACCAGTAACTCACAATTTTACCTTG,AAGGACATAGATTATAATACAAAAC
DB,PRS,DBPRS10,LDLRAP1,BC3,DB001E12,GACTTACATCAATTGTACAGACTAT,CCCACTGAATCCATAGGTGACACAC
DB,PRS,DBPRS11,LSM2,BC1,DB001E8,AGAATTTAACAACCTTGCGTCCGGA,ACGACCTTATGGTTAGTAAATTGAT
DB,PRS,DBPRS11,LSM2,BC2,DB001E14,GGTGCCATCATTAAGTTAGTCGATT,AAAATATATATGGCTATAACAAAGA
DB,PRS,DBPRS11,LSM2,BC3,DB001E11,TCTTAGACTCAAGCTAAATCTACAC,CCAAAAATAAGACAGCAAGAACT
DB,PRS,DBPRS12,MORF4L1,BC1,DB001E18,GTCTTCGACCGTTTAGAGGTTAGCT,GCCGCAAGTGTTTATGCTTCGGACT
DB,PRS,DBPRS12,MORF4L1,BC2,DB001E20,TTACAGTATTCGCCGCTAATATCGT,CGCCGACCCCCGCGACCGTAGCAGC
DB,PRS,DBPRS12,MORF4L1,BC3,DB001E16,CGAACACTTTCTTCTTCATCGTATG,CATAGTCCCTCTCTCACTAGTGGAT
DB,PRS,DBPRS13,MRFAP1,BC1,DB001E7,TTTTGGATGTTACTTAATTAGTGGG,CTGAAAAGTTTATAATGCAGGGGAC
DB,PRS,DBPRS13,MRFAP1,BC2,DB001E10,GAATTTCACTCTGAACTAGAAATTA,ATATCGGCCAAATTTAAGAGCAGAA
DB,PRS,DBPRS13,MRFAP1,BC3,DB001E5,ATGGAGTAGAAGTCTTGGGTTTCTA,AGGACTCGAATGCTAGTACTAATAA
DB,PRS,DBPRS14,PSMC1,BC1,DB001F12,GGCGAACTGATAACCCAGGGTCCAG,GCCCAAGTGATACGGTGAATTCACG
DB,PRS,DBPRS14,PSMC1,BC2,DB001F16,GTTGCCTCTTGAGAATAGCTATGTG,TAGTCCTAAGCGAGGTGAAACAACG
DB,PRS,DBPRS14,PSMC1,BC3,DB001F9,TCATATACGGTAAGATTTATTTAGT,GACGGAGTTCAATTGATAGAGCCAA
DB,PRS,DBPRS15,PSMD5,BC1,DB001E17,TTTTTTGGGTGTGATTAGATATGTA,GCATAGGACGTCTTGCATGGAGACT
DB,PRS,DBPRS15,PSMD5,BC2,DB001E13,TGTTTTACGCGAACTAGACAGATCA,AAACACTAAAAAGCCGTTTTATTAA
DB,PRS,DBPRS16,S100P,BC1,DB001F7,TATTATAATATTTCTATTTTCCAGA,CAGCTCACTATTGAATGGGCTCTAC
DB,PRS,DBPRS16,S100P,BC2,DB001F3,ATAGTCACGCTCCATCGTCGTTCGG,AATTCACTGTAAGAAACCCCCGCAA
DB,PRS,DBPRS16,S100P,BC3,DB001F11,CCACCTCACTCTTGTGGAGGTTGTT,TCCTTACCAGATGTAGTGAACTCGC
DB,PRS,DBPRS17,SH3GLB1,BC1,DB001F22,GCTATCCTTCGGACTCGAGGGTGCA,ACAGCTTATAGAAGAGTTCAAAGAT
DB,PRS,DBPRS17,SH3GLB1,BC2,DB001G1,TAACATACCAGATGCTGTTCGACAG,AACACAATGGCTCTGATACCTCCGA
DB,PRS,DBPRS18,TSG101,BC1,DB001E1,AACTTTTAGAACTGTTTGTGTTATT,ATCCAATATTACAGCGTCCGTCCAC
DB,PRS,DBPRS18,TSG101,BC2,DB001E4,CTTCATGGCAGATATATGCTCAACG,CAACTTACAATGCATCTACCCAGAC
DB,PRS,DBPRS18,TSG101,BC3,DB001E6,ATTTTACGAGATGTCAGGATGACCA,AGACACCATAAAGCACTGAGTTCCA
DB,PRS,DBPRS19,lpg0130,BC1,DB001D1,TGATCCCCATCACTTCATGTAGTCA,ATCGGTCCTTACTTTTTTCTCTCAT
DB,PRS,DBPRS19,lpg0130,BC2,DB001D2,GATATATTCCTTTGGGCTCTTTATA,GCGTTTGTCAGGAAAGCTGAAGCGC
DB,PRS,DBPRS20,lpg0944,BC1,DB001B23,TCGGGTGGAGAGCGTGAGCGGTTGG,TCGCGCCTCATGGCATCCGAGAACT
DB,PRS,DBPRS20,lpg0944,BC2,DB001B24,GATCCGTACGAATAGGAAACCGTAG,AGTTCTTCCCCCTCGGCCTTCCAGC
DB,PRS,DBPRS20,lpg0944,BC3,DB001C1,AGGTCACCTCATAAGTTTAACCGTT,ATGAGTTAACTATCGCGATCACCCA
DB,PRS,DBPRS21,lpg0945,BC1,DB001B20,GGACCTGTTCCATTCTATCCCATTT,TAGTTTGAAGAATAACTGATACTTA
DB,PRS,DBPRS21,lpg0945,BC2,DB001B21,TGTACACGTCCAACACTATTTCTCT,ATAGTTATTTGTCATAACTTACCAG
DB,PRS,DBPRS21,lpg0945,BC3,DB001B22,AGCCTCGTGTTACTTCGTATAAGTG,AAAAAGACTACGCCGAACGGTGACA
DB,PRS,DBPRS22,lpg1148,BC1,DB001D6,TTGTTAACTATCTTATTTCAAAGGC,TAAGGAACTATAATTATGTATGAGACTCAGTC
DB,PRS,DBPRS22,lpg1148,BC2,DB001D7,CAAAGTAAGATAAGAAACGACTAAT,ATGGACAAAGTTGCCGGAGTCTACG
DB,PRS,DBPRS22,lpg1148,BC3,DB001D8,GGCTTCGCGTTGCCAGGATTGCAAT,TACTTGTAATGGCAAAAGGTTGGGT
DB,PRS,DBPRS23,lpg1701,BC1,DB001C19,TTCGGTGGCTTACGGGGGGATGGAT,ACGCCCCCCGGTATTAGAGATCATC
DB,PRS,DBPRS23,lpg1701,BC2,DB001C20,TAAGCTGGACTGTCATATTGGGATC,GGAGTTTTACAATAGAACTTGGGCA
DB,PRS,DBPRS23,lpg1701,BC3,DB001C21,TCATGTCTACCCAAACTGCTAAGTC,CTGCTGACCGAACATGCGTTTCCGT
DB,PRS,DBPRS24,lpg2975,BC1,DB001A11,CTTAAACATACGTAATTCATTCAAA,ATTAAACGAATGTCTCTAATGTGGA
DB,PRS,DBPRS24,lpg2975,BC2,DB001A12,ATTGCGGCCCACACCTTGGCCTACT,TGATGGGTGCTTGCAAGTAACCGAA
DB,PRS,DBPRS24,lpg2975,BC3,DB001A13,ATGCAATTCGTCGTATTTTATTCTA,AAAATCGACATAGATGATTCAATTA
DB,PRS,DBPRS25,lpg2298,BC1,DB001A20,TTTCTAGGAGAAAAGCCATGCTCTT,TTCCACAAGGCAAGTCCAGAAGTTA
DB,PRS,DBPRS25,lpg2298,BC2,DB001A21,GCGCGATCACTGACTGCATGGTCCC,CGTGGACAGATGCGAACCTTCCAGG
DB,PRS,DBPRS25,lpg2298,BC3,DB001A22,CCTACTTGTGCTACGTAGGGTTTTG,TAGTTTACCGATATGAGAACAATCA
DB,PRS,DBPRS26,lpg2344,BC1,DB001C7,ATTATCCCTTGCTCGTTTCGCCCAT,TACACATAGTACACGGAATCAACAG
DB,PRS,DBPRS26,lpg2344,BC2,DB001C5,CTATTGCTATATATTAAGATTCGAA,TGCGGTTAATAGTAACTGCCTATCG
DB,PRS,DBPRS26,lpg2344,BC3,DB001C6,GCTAGGTTCATGGTGCATAGGTTTG,CACGGGCCTCGAGCTAAACGCATAC
DB,PRS,DBPRS27,lpg2482,BC1,DB001D4,TGAAGAAGGTGTAGCAATTTTGTTA,ATTGGGCAAAGTGGTGCAACTAAAT
DB,PRS,DBPRS27,lpg2482,BC2,DB001D5,TACTATGGCCCTTCATATTGTCGTA,GGCCGCTTACTCGCCCGGAACCGTA
DB,PRS,DBPRS27,lpg2482,BC3,DB001D3,CTCCCGTTATAGGGTCAGAATCGTC,CAGTTACTGAATATCAGAGGGTGGA
DB,PRS,DBPRS28,lpg2391,BC1,DB001B8,ATTAAACGCCTCACTGGACTCAATC,GGATCGATGTCAATCGCAAAAATTA
DB,PRS,DBPRS28,lpg2391,BC2,DB001B9,TCTCTCTATCCTTATAATTTTGCAA,ATAACTTAAGAAGACAACGAGCATT
DB,PRS,DBPRS28,lpg2391,BC3,DB001B10,GTCGTCCAGGGGGCGGGGGTGCTTC,AATAATGCGATTAACAGAAATAATA
DB,LPG,DBLPG01,lpg0080,BC1,DB001B2,GGCATGTTGAACTTGAGCGTTGTGG,TGTATTCGAGCTAAGGATCAGCTTT
DB,LPG,DBLPG01,lpg0080,BC2,DB001B3,ATCAGTATAGTTATTCAGCTTGCAA,ACCACATCAAACAAACACAACAACT
DB,LPG,DBLPG01,lpg0080,BC3,DB001B4,TTATGTTCAGCAAACTTTTCTTTTT,GATTATACTTAAGAATGAAACCGAA
DB,LPG,DBLPG02,lpg0081,BC1,DB001D14,GAACGTTCAATTCTCAGTAGCCAGT,CAAACTGATTGTCCAGAATAACTCG
DB,LPG,DBLPG02,lpg0081,BC2,DB001D15,GGTATAAGGTGCTTGGTCATACATT,GGTGGCAGGAGAATTGAAATTCTCG
DB,LPG,DBLPG03,lpg0208,BC1,DB001C17,CCATTTGATCAACAGATCTCCTTCT,TTACTATTATGTTCGAAAAACTTAT
DB,LPG,DBLPG03,lpg0208,BC2,DB001C18,GGGATCGGGGGAGCGGAGAGGGGGC,TGTCATACCGTACGATAACCTTGTT
DB,LPG,DBLPG04,lpg0210,BC1,DB001A17,TATATGCTAGTAAGATGTATTGTAG,CCTGTCCAGGAACCACCCCGCAAGT
DB,LPG,DBLPG04,lpg0210,BC2,DB001A18,TAAGTATTTACCTTCACTTTGCGCG,TAGAAGATTTAATATAACAAGAAAT
DB,LPG,DBLPG04,lpg0210,BC3,DB001A19,TTGTTTATCTTGGATATATGATGCT,GAACACCGCTCTTCCATCGATTGTA
DB,LPG,DBLPG05,lpg0234,BC1,DB001A1,ATATGTTGGACTACGGACTTCAAAG,TGGGCTCTCACTTAAAAACAAGAAA
DB,LPG,DBLPG06,lpg0436,BC1,DB001A8,GTAGTATAATTCTGAAGAAGAGGAT,CTCAAATCTAGAAAACGGCGATACA
DB,LPG,DBLPG06,lpg0436,BC2,DB001A9,TACCTATATTTTGGAAAGTCATACT,GCGAGAACTTACATCAGGAGACATT
DB,LPG,DBLPG06,lpg0436,BC3,DB001A10,CTATAGTATCTCTATGGAGGTACAT,GCGCTCATGCTTAAAATAAATTTGC
DB,LPG,DBLPG07,lpg0437,BC1,DB001C11,TTGATGAGCTTACGCAATCTTTTGG,GCTCCTAGTTAGGGTGAGGTAACTT
DB,LPG,DBLPG07,lpg0437,BC2,DB001C12,CCCATGGATTAACCTGATGTTTCCA,CCTTGGTACCAGGTCCCTCGTTCGC
DB,LPG,DBLPG07,lpg0437,BC3,DB001C13,AATGTTAATATCTAGGATGTCTCGC,TATCACATAAGCCTTAAAGCCACTCAGTC
DB,LPG,DBLPG08,lpg0695,BC1,DB001C2,ACAAGGATTAAAAAGAGTTGCTGCG,CACAGCGCACGTGCCGAGCTATTCT
DB,LPG,DBLPG08,lpg0695,BC2,DB001C3,TTTAGCGTGAGCATAGATGCAGTGT,CTTAGCGCACCTTTTGACCCGGTAG
DB,LPG,DBLPG08,lpg0695,BC3,DB001C4,AAGGGCTGAGAAATGCACGTCGGGT,GAACTTGAATAGCTAAAATGGCCCC
DB,LPG,DBLPG09,lpg0696,BC1,DB001A14,CTGATGCACGTGTTTTTGGCATTAT,ATAAGACCCATCTAATGATTCCTCA
DB,LPG,DBLPG09,lpg0696,BC2,DB001A15,CATTTCGAATTCGCATCTCTTCGCT,GGGATATTACTCAGGTGGATCATGG
DB,LPG,DBLPG09,lpg0696,BC3,DB001A16,CTAGGTTAAGTGAGGGTCTTATTA,CAAGAGCACGTTCTGCTTGGCCGCC
DB,LPG,DBLPG10,lpg1108,BC1,DB001D16,TTAAAAGGGGTTAACATTATATAAC,CTGCCCCAATGCAACCTAGACCGAG
DB,LPG,DBLPG10,lpg1108,BC2,DB001D17,GTGGGTCTTGTAGAATTATGATCGC,AATTACCTACAACTGTCGTACAAG
DB,LPG,DBLPG10,lpg1108,BC3,DB001D18,TTCGGTACTTCGGTGGTATTAGTTC,GTTAACAAGGTTTCAAAAACAAAGA
DB,LPG,DBLPG11,lpg1959,BC1,DB001D19,GCTCGAATTACAAAATTTCGGCTTA,GTGTTAAAACTCATACATAGGAGAT
DB,LPG,DBLPG11,lpg1959,BC2,DB001D20,ACTATGTTTTAGAGATAAAGCAGAT,TGGCTATTGCATAATTGAAGCTGGT
DB,LPG,DBLPG12,lpg2147,BC1,DB001A23,TAAGGCATTTTTCTCAAATTCTTGT,GCACAGCTAGAGAGAGTGTCATATT
DB,LPG,DBLPG12,lpg2147,BC2,DB001A24,CTTTGTATATGCACAAATAAGAGAA,AATCGTAGGCAATTCATACCGTCCA
DB,LPG,DBLPG12,lpg2147,BC3,DB001B1,CTTAGCTTTAATAATCTGATTTTAC,TTTACATAGAGAATATGAGAGACGC
DB,LPG,DBLPG13,lpg2148,BC1,DB001B14,CCGTAAATAGAAGGAATTCTCTTAG,GTCCATTCAGGAATCCAGGTGTTAT
DB,LPG,DBLPG13,lpg2148,BC2,DB001B15,TAGGTTTGCAGTTGTGTGCGGGGGA,ATACTATCCCTTTTTGTAAGCTCCC
DB,LPG,DBLPG13,lpg2148,BC3,DB001B16,ATGAGCGAACGTTTCTTTATTTATT,ATTTATTCGCCAATAGAAGTAGCGT
DB,LPG,DBLPG14,lpg2153,BC1,DB001D12,ATCGATCTAGTTGTGAAAGAATTTA,CTGGGACGATACAGCTAGCCTAACG
DB,LPG,DBLPG15,lpg2155,BC1,DB001D13,ACTTTTTTTCTATTTCCTAAGTGCT,GAGCGAGGAGTTAAAGCTTTCTAAA
DB,LPG,DBLPG15,lpg2155,BC2,DB001G4,CTCTGTGATTCATCACTTCGTTGGT,CTGCCTGGCGGGCAGACTCCTAGGA
DB,LPG,DBLPG15,lpg2155,BC3,DB001G5,ATCGCGGCATACATTAATTATCATT,GTATACGAAATTATAACCTATATGA
DB,LPG,DBLPG15,lpg2155,BC4,DB001G6,ATACAAGCCTCAGATCCCCCGTTTG,AGTACAGTGGAAACGCGGAGAATTT
DB,LPG,DBLPG16,lpg2156,BC1,DB001F18,GATAGCTTATGAACCGTGTATGGCC,CTTCCTGTGCAATGGACAAAAATGA
DB,LPG,DBLPG16,lpg2156,BC2,DB001F20,AAATTCGCTTATAATATGCGGCATG,TCGAAACCCCAACGTCGCCATCCAA
DB,LPG,DBLPG16,lpg2156,BC3,DB001F23,CGTGTCCCCGAAAGGGTGTGCGGAG,GCCAGGCCATCGCGTGGCCGTA
DB,LPG,DBLPG17,lpg2157,BC1,DB001A2,GATAAATCCGCGACGTACTTCTTAG,GAAACAGATAGAGTCTGGACTAGCC
DB,LPG,DBLPG17,lpg2157,BC2,DB001A3,TTTAGATGATGCTGCGTCAGAACGT,GCGCAGGCAGAACTCTCGCTGGGTC
DB,LPG,DBLPG17,lpg2157,BC3,DB001A4,TCACACGTTTTACCTGGTTTTTGCA,TTCTGGTGGCGCAATTAACACTAAG
DB,LPG,DBLPG18,lpg2452,BC1,DB001A5,AGGCACTGATGGATCGGCAGCGCTC,TGCGCTGTGTATTAGTGAAGACCCA
DB,LPG,DBLPG18,lpg2452,BC2,DB001A6,TAATAATTTATTTTGAGTTAACATT,TTTAATCCAATTTCTTAAATGAGGA
DB,LPG,DBLPG18,lpg2452,BC3,DB001A7,TTCAACCTGTGGTGTTGTTCTTCGT,GGGTAATGGTTGCGTCGGTACTACC
DB,LPG,DBLPG19,lpg2464,BC1,DB001B11,GCCTTGAAGCGTAGACATTAGACTC,ACCTGCGCCTACCCCCGATCTGAGT
DB,LPG,DBLPG19,lpg2464,BC2,DB001B12,CGTGTCATTATTCAAAGACATTATC,TCCATTGACGGATTGCCATCATGCA
DB,LPG,DBLPG19,lpg2464,BC3,DB001B13,TTATGTGGAATTTTATGGGTATTAC,AGCCTCACCTACTGACCTGCATTCT
DB,LPG,DBLPG20,lpg2465,BC1,DB001B17,ATTCGCATTGTCCTCTTGGTTCCAC,CAGCACATACCATAACGCGCGTATG
DB,LPG,DBLPG20,lpg2465,BC2,DB001B18,ACAATATACACTTCTCTTTTTTTAG,ACTGCCCGGTTTCCGCGGGACTCTT
DB,LPG,DBLPG20,lpg2465,BC3,DB001B19,CAATTAGGCCTAAGGTTTTCAACTT,GGACTACTTAACTAAATTCACAAAA
DB,LPG,DBLPG21,lpg2508,BC1,DB001C14,TATATGACCGAGGGATATGAGGCAT,ACGCATAGGCGTATAAAAGTATATG
DB,LPG,DBLPG21,lpg2508,BC2,DB001C15,TATAATACGGCATTGTGGAGAGGTC,CAAGAGAAAACGACCAAGGGTCCAG
DB,LPG,DBLPG21,lpg2508,BC3,DB001C16,TACGCATTCACATTGTAGATAAAGG,ATTCAATTCTGCAGGATAATCATGT
DB,LPG,DBLPG22,lpg2510,BC1,DB001C24,GATGAGAGAGGGGAGAAGAGACGAG,GCGTAAACCGATATTTCTATCAATG
DB,LPG,DBLPG22,lpg2510,BC2,DB001C22,TCTTCTCTCACAGATTATGTCCGTG,TAGGAGAAGGTACCTGCGTGTGTAT
DB,LPG,DBLPG22,lpg2510,BC3,DB001C23,GTTGTCCTTGACTAATATGACCTGA,CTTCTATTGTTCGACCACGATGCAA
DB,LPG,DBLPG23,lpg2523,BC1,DB001C8,ACTTCCTACTTTTTATTTTAAAACA,ATCTGAAAAGCGTATATGCATATCA
DB,LPG,DBLPG23,lpg2523,BC2,DB001C9,ATCCTAACGTGGGTTGGAAAGCTTC,ACCCGACATTAAATCGAGATGGTAA
DB,LPG,DBLPG23,lpg2523,BC3,DB001C10,GGACGTCCTCGAATCAGCGAACGTT,TCAAAAGGGAAGGTCGACCTAATTG
DB,LPG,DBLPG24,lpg2526,BC1,DB001B5,TCGGTACTTGCCTACGTCCATCGTC,CCTGGGTGGAACCCCCACCATTACT
DB,LPG,DBLPG24,lpg2526,BC2,DB001B6,GAGATGTGATTTGCTATTTGGTCTA,CCGTACCGCCACCCACTTAGAGGTA
DB,LPG,DBLPG24,lpg2526,BC3,DB001B7,CATCGCCATTGATCTAGTAGATTGG,GAATGATGAAAATCAAACTATGATG
DB,LPG,DBLPG25,lpg2829,BC1,DB001F1,GTCTGTTATCATTTAAATTCAAGTT,GGCATCCATTAAATGTACTTGGTAA
DB,LPG,DBLPG25,lpg2829,BC2,DB001E22,CTTGAGAATAATCGCAAATTTGGCT,GTGACGGTCTATTCTATTAAACCAA
DB,LPG,DBLPG25,lpg2829,BC3,DB001F5,GTTTACGCATAGTCCAATATCCCTA,GTGGTTAGTAAACATACTACTAAAA
DB,LPG,DBLPG26,lpg2830,BC1,DB001D9,TTTACAGTTGACTCTAAACTTAATG,AACCACATTCTTGTCTCAGCAACTA
DB,LPG,DBLPG26,lpg2830,BC2,DB001D10,CTAGGTACCCCATGTTTGGTTACTA,GTTTCTAAGTCTACCGAATACAGAT
DB,LPG,DBLPG26,lpg2830,BC3,DB001D11,CCTCATCTTGAGTGATCTCCTTTAG,TACTGGGCAGTACCATAAATATTAC