Index	Plate	Well384	Group	Kiloseq.Plate	Well384.1	Well96	Name	Locus	ORF_BC_count	ORF_Dominant%	ORF_Second/Dominant%	ORF_BC_index	DnTag_Sequence	DnTag_Dominant%	DnTag_Second/Dominant%	UpTag_Sequence	UpTag_Dominant%	UpTag_Second/Dominant%	Identifier
554	DB_CBU1	J15	G1	DB_CBU1	J15	NA	CBU1524	CBU1524_BC-1	3	100	1	1	CTACGACCTGAGGCACCGGAGCACT	100	1	ACGACAATCAAATTATAGGCAGGAG	100	1	DBCBU1J15
555	DB_CBU1	J16	G1	DB_CBU1	J16	NA	CBU1524	CBU1524_BC-2	3	100	1	2	CGATCTCCAATGGAACAAATAACGG	100	1	GTAAGGATGTTGATCTCACGACTTC	100	1	DBCBU1J16
556	DB_CBU1	J17	G1	DB_CBU1	J17	NA	CBU1524	CBU1524_BC-3	3	100	1	3	TTTCGGAAGAACCGAGCCTCAATGG	100	1	TTTCAAGCACACTTTCTTTTATAGT	100	1	DBCBU1J17
557	DB_CBU1	F02	G1	DB_CBU1	F02	NA	CBU0637	CBU0637_BC-1	3	100	1	1	ATGTTACGATTAATGGCTTACGATG	100	1	GCGTTTTAGGTGGTCTGTTGAAACT	100	1	DBCBU1F02
558	DB_CBU1	F03	G1	DB_CBU1	F03	NA	CBU0637	CBU0637_BC-2	3	100	1	2	CAATTGTGCGTATACGTGCCCTGCT	100	1	TTTGCTTATGTGGTCCTTAATACCG	100	1	DBCBU1F03
559	DB_CBU1	F04	G1	DB_CBU1	F04	NA	CBU0637	CBU0637_BC-3	3	100	1	3	GAAAACAGTAATAACACATCCCAAA	100	1	GGTGCTTCTTATCAGTGGACTAATC	100	1	DBCBU1F04
560	DB_CBU2	D04	G1	DB_CBU2	D04	NA	CBU1650	CBU1650_BC-1	2	100	1	1	CATCGTGATGCCGCGATCCATTCCA	100	1	TGATATACACGGATGAAAATTGGAT	100	1	DBCBU2D04
561	DB_CBU2	D05	G1	DB_CBU2	D05	NA	CBU1650	CBU1650_BC-2	2	100	1	2	CCATCATCGCAGACCAAAATGGAGT	100	1	TTAATGGGCTAGTGTGTGCTTTGCC	100	1	DBCBU2D05
562	DB_CBU2	C15	G1	DB_CBU2	C15	NA	CBU1642	CBU1642_BC-1	2	100	1	1	TATAAGGAAAAGAGCTTTCTACTAC	100	1	GATGTGCTGCATGTCGGGCATTGTC	100	1	DBCBU2C15
563	DB_CBU2	C16	G1	DB_CBU2	C16	NA	CBU1642	CBU1642_BC-2	2	100	1	2	GAGACTCAATATATCATTCATGGTG	100	1	GTACAGTCAGTTAGTAAATCAATAG	100	1	DBCBU2C16
564	DB_CBU2	C21	G1	DB_CBU2	C21	NA	CBU1645	CBU1645_BC-1	3	100	1	1	AGCACATCAAAGAATTTCCATAGAC	100	1	ATACAAATGCACACGAGAGGGATTT	100	1	DBCBU2C21
565	DB_CBU2	C22	G1	DB_CBU2	C22	NA	CBU1645	CBU1645_BC-2	3	100	1	2	AACGCAAATGAGTTCCTATACTATT	100	1	TCAGTTTCTGCCGGTTGAAATATAT	100	1	DBCBU2C22
566	DB_CBU2	C23	G1	DB_CBU2	C23	NA	CBU1645	CBU1645_BC-3	3	100	1	3	CGCGATAATTGTTCTAACGCTAAAG	100	1	GCGTTATATTGTTCCAACTTGTGGA	100	1	DBCBU2C23
567	DB_CBU1	L07	G1	DB_CBU1	L07	NA	CBU1634A	CBU1634A_BC-1	3	100	1	1	AAGTACTATAGAAGTCTATAAGATC	100	1	TAAGTTGAGAACTGGGCTCATCGTT	100	1	DBCBU1L07
568	DB_CBU1	L08	G1	DB_CBU1	L08	NA	CBU1634A	CBU1634A_BC-2	3	100	1	2	GGCTCTAATTAATTTAAAAGTACCT	100	1	CGATGCCGTGCGTTGAATCTGTAAT	100	1	DBCBU1L08
569	DB_CBU1	L09	G1	DB_CBU1	L09	NA	CBU1634A	CBU1634A_BC-3	3	100	1	3	AAGGTCGTGCTCGTTTCACCCACCT	100	1	TTATATTTCCTAAACGCAACTTTGG	100	1	DBCBU1L09
570	DB_CBU2	C10	G1	DB_CBU2	C10	NA	CBU1634	CBU1634_BC-1	3	100	1	1	AGTCTTCCTGGTTCACACGATGGCT	100	1	GTGTCATGTCAAATTACCACAGTTT	100	1	DBCBU2C10
571	DB_CBU2	C11	G1	DB_CBU2	C11	NA	CBU1634	CBU1634_BC-2	3	100	1	2	GTCGACCCTCGCGCGCCTTTGTTCG	100	1	CTGGAATTTAAACATGTTAATAATT	100	1	DBCBU2C11
572	DB_CBU2	C12	G1	DB_CBU2	C12	NA	CBU1634	CBU1634_BC-3	3	100	1	3	CACAAGTGAGTATATGCACCGAGCA	100	1	GCGGCAGTAACTATCTATGTTTTTC	100	1	DBCBU2C12
573	DB_CBU2	B12	G1	DB_CBU2	B12	NA	CBU1626	CBU1626_BC-1	3	100	1	1	TGTCCACGGCATATAAAATGACTTT	100	1	TTTATGCCAACGCGGTTCCGACATG	100	1	DBCBU2B12
574	DB_CBU2	B13	G1	DB_CBU2	B13	NA	CBU1626	CBU1626_BC-2	3	100	1	2	AGACTGGTATCTTTCTCTCGTACCA	100	1	TGCGGTTGTACCGTTGGCTTTGCTT	100	1	DBCBU2B13
575	DB_CBU2	B14	G1	DB_CBU2	B14	NA	CBU1626	CBU1626_BC-3	3	100	1	3	ATATAGAAGTGTCGAACAAACCAAC	100	1	GCCTCGTGATGCGTAGCGTCAATCT	100	1	DBCBU2B14
576	DB_CBU1	P01	G1	DB_CBU1	P01	NA	CBU2076	CBU2076_BC-1	3	100	1	1	CCCTACTACTATAGCCGCTGACCAG	100	1	AGATCCAGCAGTTGTGACTCACTAT	100	1	DBCBU1P01
577	DB_CBU1	P02	G1	DB_CBU1	P02	NA	CBU2076	CBU2076_BC-2	3	100	1	2	TGCGAACCCTAAGATTCCTCGGTTT	100	1	TGCAATATGTCTACCCTTGCAACTT	100	1	DBCBU1P02
578	DB_CBU1	P03	G1	DB_CBU1	P03	NA	CBU2076	CBU2076_BC-3	3	100	1	3	AACTAATACGATGCTAACAATGAAA	100	1	TCTCTGTATATTTGCTATCATATTA	100	1	DBCBU1P03
579	DB_Platinum_4	A14	G1	DB_Platinum_4	A14	NA	ARL2	ARL2_BC-1	3	100	1	1	GCCGTGTTAAGCATCTCTTCACACT	100	1	GCCTAGTAATTGACCGGTTTATTAT	100	1	DBPlatinum4A14
580	DB_Platinum_4	A15	G1	DB_Platinum_4	A15	NA	ARL2	ARL2_BC-2	3	100	1	2	TCCGTTAAAATCGAACTGTCCCATT	100	1	TTCGGCTTTCTCCAGTTCCCATTGA	100	1	DBPlatinum4A15
581	DB_Platinum_4	A16	G1	DB_Platinum_4	A16	NA	ARL2	ARL2_BC-3	3	100	1	3	ACAACCACCGGCCATAAGAGGGACA	100	1	ACAGTTTATTTTATTCCCCCCTATA	100	1	DBPlatinum4A16
582	DB_Platinum_3	I10	G1	DB_Platinum_3	I10	NA	BCL2L2	BCL2L2_BC-1	3	100	1	1	AGGTACGGAATAAGCTCGACCTACA	100	1	ACTTCAGCCCCTTGAGCTAATCCGT	100	1	DBPlatinum3I10
583	DB_Platinum_3	I11	G1	DB_Platinum_3	I11	NA	BCL2L2	BCL2L2_BC-2	3	100	1	2	CCTGTCCTCCTATAGCTTCTCGCAA	100	1	ATCGGCATAAATTCCTTGTACGATC	100	1	DBPlatinum3I11
584	DB_Platinum_3	I12	G1	DB_Platinum_3	I12	NA	BCL2L2	BCL2L2_BC-3	3	100	1	3	AGTACTAACTTCATAACAGCATATT	100	1	TCCACTCGACTGATCTAACTATCAC	100	1	DBPlatinum3I12
585	DB_Platinum_4	A05	G1	DB_Platinum_4	A05	NA	BNIP3	BNIP3_BC-1	3	100	1	1	CGTAGATAAAGTCAAGTAACATCAG	100	1	CATAGGAAGGAATTTGATCGTGGGC	100	1	DBPlatinum4A05
586	DB_Platinum_4	A06	G1	DB_Platinum_4	A06	NA	BNIP3	BNIP3_BC-2	3	100	1	2	GAAAGTACTAACATGGTTGTTGAAG	100	1	ACAGCTATCGGATATTCTTAAGCTT	100	1	DBPlatinum4A06
587	DB_Platinum_4	A07	G1	DB_Platinum_4	A07	NA	BNIP3	BNIP3_BC-3	3	100	1	3	ATTGTCGCCTAATTAATGGACAAGT	100	1	AATTAATTCAGGATTCGACGTTTAG	100	1	DBPlatinum4A07
588	DB_Platinum_3	P21	G1	DB_Platinum_3	P21	NA	BTG1	BTG1_BC-1	3	100	1	1	ATGAATGATTTATTCCATGGTATTA	100	1	ATGTTCTTTTTCATACATTTATTTA	100	1	DBPlatinum3P21
589	DB_Platinum_3	P22	G1	DB_Platinum_3	P22	NA	BTG1	BTG1_BC-2	3	100	1	2	ACGTATAAGTATCCATTGTAAAGAA	100	1	TGAGATGCACAACGGAGTCCCTACT	100	1	DBPlatinum3P22
590	DB_Platinum_3	P23	G1	DB_Platinum_3	P23	NA	BTG1	BTG1_BC-3	3	100	1	3	TTCATGTCGCATTAGGTTACTATGC	100	1	TTATTTAGTGGTGGTGATCCATTTC	100	1	DBPlatinum3P23
591	DB_Platinum_4	A03	G1	DB_Platinum_4	A03	NA	CCND2	CCND2_BC-1	2	100	1	1	GCTCCTTAAGCCGTCCGCGAGAGAC	100	1	TTCGGTTGTGACGTATAGGAAGGTA	100	1	DBPlatinum4A03
592	DB_Platinum_4	A04	G1	DB_Platinum_4	A04	NA	CCND2	CCND2_BC-2	2	100	1	2	CTATGCTAATCGACGAATCCCCATC	100	1	GTTAGGGTCAAGGCGTGGTCGTCTT	100	1	DBPlatinum4A04
593	DB_Platinum_3	I14	G1	DB_Platinum_3	I14	NA	CDK4	CDK4_BC-1	3	100	1	1	ATCATGGAGGCCTGACCATTATACA	100	1	TTTGGTCTTAGATGGATTGTAGAAA	100	1	DBPlatinum3I14
594	DB_Platinum_3	I15	G1	DB_Platinum_3	I15	NA	CDK4	CDK4_BC-2	3	100	1	2	GACAACAAAACATAAATCAGACACA	100	1	TTCGCGCCAAGTGCGAATTTTGCCT	100	1	DBPlatinum3I15
595	DB_Platinum_3	I16	G1	DB_Platinum_3	I16	NA	CDK4	CDK4_BC-3	3	100	1	3	AAACTCCCCCACTCGAGATGCCATC	100	1	AGCGCCATATATGTTTCTAAAAGAA	100	1	DBPlatinum3I16
596	DB_Platinum_4	A17	G1	DB_Platinum_4	A17	NA	CDK6	CDK6_BC-1	3	100	1	1	GCGGAGTGAAGATTATCCAAAACTT	100	1	TCTGTTCAATCCGGACGCATACTAT	100	1	DBPlatinum4A17
597	DB_Platinum_4	A18	G1	DB_Platinum_4	A18	NA	CDK6	CDK6_BC-2	3	100	1	2	AATAATAGAATGAAAGTAGAGATCG	100	1	GTAGCTTCAATACTGTTATGAATTT	100	1	DBPlatinum4A18
598	DB_Platinum_4	A19	G1	DB_Platinum_4	A19	NA	CDK6	CDK6_BC-3	3	100	1	3	TTTTCTATACTCGTTAAGTCTCAGG	100	1	CCAGTTATTTGTATTATAATCTAAT	100	1	DBPlatinum4A19
599	DB_Platinum_4	A23	G1	DB_Platinum_4	A23	NA	EXOSC1	EXOSC1_BC-1	3	100	1	1	ATATTATCGCAGTCGTGACTTAGTG	100	1	TAGGGTATAGGGTTTATGGCTTGGA	100	1	DBPlatinum4A23
600	DB_Platinum_4	A24	G1	DB_Platinum_4	A24	NA	EXOSC1	EXOSC1_BC-2	3	100	1	2	AAAATGAATCTACAGGAAATTATAT	100	1	CTACGATGACCGTCTTTTCTAGGCT	100	1	DBPlatinum4A24
601	DB_Platinum_4	B01	G1	DB_Platinum_4	B01	NA	EXOSC1	EXOSC1_BC-3	3	100	1	3	TAATGTTTCTGGGAGTCAAAGTAAC	100	1	GCCACTTTTAATATGGATCATTTGT	100	1	DBPlatinum4B01
602	DB_Platinum_3	I13	G1	DB_Platinum_3	I13	NA	IKZF5	IKZF5_BC-1	1	100	1	1	TTCACTCGTAGAACTCTTCTGTTGC	100	1	TTCTTTCCTTCTAAATTATGTTGGT	100	1	DBPlatinum3I13
603	DB_Platinum_3	P13	G1	DB_Platinum_3	P13	NA	LDLRAP1	LDLRAP1_BC-1	3	100	1	1	AAGGACATAGATTATAATACAAAAC	100	1	ACCAGTAACTCACAATTTTACCTTG	100	1	DBPlatinum3P13
604	DB_Platinum_3	P14	G1	DB_Platinum_3	P14	NA	LDLRAP1	LDLRAP1_BC-2	3	100	1	2	CTCCTTAGCCCTGGAACTCATATCA	100	1	TTATTTACTGATCAGTCCGCCATCG	100	1	DBPlatinum3P14
605	DB_Platinum_3	P15	G1	DB_Platinum_3	P15	NA	LDLRAP1	LDLRAP1_BC-3	3	100	1	3	CCCACTGAATCCATAGGTGACACAC	100	1	GACTTACATCAATTGTACAGACTAT	100	1	DBPlatinum3P15
606	DB_Platinum_3	P10	G1	DB_Platinum_3	P10	NA	LSM2	LSM2_BC-1	3	100	1	1	ACGACCTTATGGTTAGTAAATTGAT	100	1	AGAATTTAACAACCTTGCGTCCGGA	100	1	DBPlatinum3P10
607	DB_Platinum_3	P11	G1	DB_Platinum_3	P11	NA	LSM2	LSM2_BC-2	3	100	1	2	CCAAAAATAAGACAGCAAGAACT	100	1	TCTTAGACTCAAGCTAAATCTACAC	100	1	DBPlatinum3P11
608	DB_Platinum_3	P12	G1	DB_Platinum_3	P12	NA	LSM2	LSM2_BC-3	3	100	1	3	AAAATATATATGGCTATAACAAAGA	100	1	GGTGCCATCATTAAGTTAGTCGATT	100	1	DBPlatinum3P12
609	DB_Platinum_3	P18	G1	DB_Platinum_3	P18	NA	MORF4L1	MORF4L1_BC-1	3	100	1	1	GCCGCAAGTGTTTATGCTTCGGACT	100	1	GTCTTCGACCGTTTAGAGGTTAGCT	100	1	DBPlatinum3P18
610	DB_Platinum_3	P19	G1	DB_Platinum_3	P19	NA	MORF4L1	MORF4L1_BC-2	3	100	1	2	CGCCGACCCCCGCGACCGTAGCAGC	100	1	TTACAGTATTCGCCGCTAATATCGT	100	1	DBPlatinum3P19
611	DB_Platinum_3	P20	G1	DB_Platinum_3	P20	NA	MORF4L1	MORF4L1_BC-3	3	100	1	3	CATAGTCCCTCTCTCACTAGTGGAT	100	1	CGAACACTTTCTTCTTCATCGTATG	100	1	DBPlatinum3P20
612	DB_Platinum_3	P07	G1	DB_Platinum_3	P07	NA	MRFAP1	MRFAP1_BC-1	3	100	1	1	CTGAAAAGTTTATAATGCAGGGGAC	100	1	TTTTGGATGTTACTTAATTAGTGGG	100	1	DBPlatinum3P07
613	DB_Platinum_3	P08	G1	DB_Platinum_3	P08	NA	MRFAP1	MRFAP1_BC-2	3	100	1	2	AGGACTCGAATGCTAGTACTAATAA	100	1	ATGGAGTAGAAGTCTTGGGTTTCTA	100	1	DBPlatinum3P08
614	DB_Platinum_3	P09	G1	DB_Platinum_3	P09	NA	MRFAP1	MRFAP1_BC-3	3	100	1	3	ATATCGGCCAAATTTAAGAGCAGAA	100	1	GAATTTCACTCTGAACTAGAAATTA	100	1	DBPlatinum3P09
615	DB_Platinum_4	A11	G1	DB_Platinum_4	A11	NA	PSMC1	PSMC1_BC-1	3	100	1	1	TAGTCCTAAGCGAGGTGAAACAACG	100	1	GTTGCCTCTTGAGAATAGCTATGTG	100	1	DBPlatinum4A11
616	DB_Platinum_4	A12	G1	DB_Platinum_4	A12	NA	PSMC1	PSMC1_BC-2	3	100	1	2	GCCCAAGTGATACGGTGAATTCACG	100	1	GGCGAACTGATAACCCAGGGTCCAG	100	1	DBPlatinum4A12
617	DB_Platinum_4	A13	G1	DB_Platinum_4	A13	NA	PSMC1	PSMC1_BC-3	3	100	1	3	GACGGAGTTCAATTGATAGAGCCAA	100	1	TCATATACGGTAAGATTTATTTAGT	100	1	DBPlatinum4A13
618	DB_Platinum_3	P16	G1	DB_Platinum_3	P16	NA	PSMD5	PSMD5_BC-1	2	100	1	1	AAACACTAAAAAGCCGTTTTATTAA	100	1	TGTTTTACGCGAACTAGACAGATCA	100	1	DBPlatinum3P16
619	DB_Platinum_3	P17	G1	DB_Platinum_3	P17	NA	PSMD5	PSMD5_BC-2	2	100	1	2	GCATAGGACGTCTTGCATGGAGACT	100	1	TTTTTTGGGTGTGATTAGATATGTA	100	1	DBPlatinum3P17
620	DB_Platinum_4	A08	G1	DB_Platinum_4	A08	NA	S100P	S100P_BC-1	3	100	1	1	CAGCTCACTATTGAATGGGCTCTAC	100	1	TATTATAATATTTCTATTTTCCAGA	100	1	DBPlatinum4A08
621	DB_Platinum_4	A09	G1	DB_Platinum_4	A09	NA	S100P	S100P_BC-2	3	100	1	2	TCCTTACCAGATGTAGTGAACTCGC	100	1	CCACCTCACTCTTGTGGAGGTTGTT	100	1	DBPlatinum4A09
622	DB_Platinum_4	A10	G1	DB_Platinum_4	A10	NA	S100P	S100P_BC-3	3	100	1	3	AATTCACTGTAAGAAACCCCCGCAA	100	1	ATAGTCACGCTCCATCGTCGTTCGG	100	1	DBPlatinum4A10
623	DB_Platinum_4	B02	G1	DB_Platinum_4	B02	NA	SH3GLB1	SH3GLB1_BC-1	2	100	1	1	AACACAATGGCTCTGATACCTCCGA	100	1	TAACATACCAGATGCTGTTCGACAG	100	1	DBPlatinum4B02
624	DB_Platinum_4	B03	G1	DB_Platinum_4	B03	NA	SH3GLB1	SH3GLB1_BC-2	2	100	1	2	ACAGCTTATAGAAGAGTTCAAAGAT	100	1	GCTATCCTTCGGACTCGAGGGTGCA	100	1	DBPlatinum4B03
625	DB_Platinum_3	P04	G1	DB_Platinum_3	P04	NA	TSG101	TSG101_BC-1	3	100	1	1	ATCCAATATTACAGCGTCCGTCCAC	100	1	AACTTTTAGAACTGTTTGTGTTATT	100	1	DBPlatinum3P04
626	DB_Platinum_3	P05	G1	DB_Platinum_3	P05	NA	TSG101	TSG101_BC-2	3	100	1	2	AGACACCATAAAGCACTGAGTTCCA	100	1	ATTTTACGAGATGTCAGGATGACCA	100	1	DBPlatinum3P05
627	DB_Platinum_3	P06	G1	DB_Platinum_3	P06	NA	TSG101	TSG101_BC-3	3	100	1	3	CAACTTACAATGCATCTACCCAGAC	100	1	CTTCATGGCAGATATATGCTCAACG	100	1	DBPlatinum3P06
628	DB_CBU1	A01	G1	DB_CBU1	A01	NA	CBUA0006	CBUA0006_BC-1	3	100	1	1	AGTGGCATTTAGGCAGCAGACTAAG	100	1	TCCATTATCATAGACGCATCGTGGC	100	1	DBCBU1A01
629	DB_CBU1	A02	G1	DB_CBU1	A02	NA	CBUA0006	CBUA0006_BC-2	3	100	1	2	GTCAACACCGAGCGGAAACAGTAGT	100	1	TTTGTAACCAGTTCTGCTTCTATGG	100	1	DBCBU1A02
630	DB_CBU1	A03	G1	DB_CBU1	A03	NA	CBUA0006	CBUA0006_BC-3	3	100	1	3	GACAGCGTCACACGGCCCCGGGAGG	100	1	TATATGTGTCTTCTGTGGGTTTAT	100	1	DBCBU1A03
631	DB_CBU1	A04	G1	DB_CBU1	A04	NA	CBUA0013	CBUA0013_BC-1	3	100	1	1	CGCCCCTTATCCTGCCACTGGCCTC	100	1	AATTTATGATTCTCCGTGTCTTAGG	100	1	DBCBU1A04
632	DB_CBU1	A05	G1	DB_CBU1	A05	NA	CBUA0013	CBUA0013_BC-2	3	100	1	2	CTGGAATGGGACCCACTCCGTTAGG	100	1	TGAAAGTAAAGGTCTCTAGCATAGT	100	1	DBCBU1A05
633	DB_CBU1	A06	G1	DB_CBU1	A06	NA	CBUA0013	CBUA0013_BC-3	3	100	1	3	GTTACGGGAAGCTTATAGAGACACT	100	1	ATAGTGGGATCTAACCAACACTAAA	100	1	DBCBU1A06
634	DB_CBU1	A07	G1	DB_CBU1	A07	NA	CBUA0014	CBUA0014_BC-1	3	100	1	1	GTGCTGTTTGTAACCAACAGTTACA	100	1	CTTACTTGTACTTGTTATCTCACCC	100	1	DBCBU1A07
635	DB_CBU1	A08	G1	DB_CBU1	A08	NA	CBUA0014	CBUA0014_BC-2	3	100	1	2	GGCATGGAAGGACACGACAAGGAGA	100	1	GAGGTTGAGAAAGGTATCTCGATTT	100	1	DBCBU1A08
636	DB_CBU1	A09	G1	DB_CBU1	A09	NA	CBUA0014	CBUA0014_BC-3	3	100	1	3	AGTTAAAAAACTAAAGTGGGCTTTA	100	1	AGAGTGCTTAGACAATATACCAGTG	100	1	DBCBU1A09
637	DB_CBU1	A10	G1	DB_CBU1	A10	NA	CBUA0015	CBUA0015_BC-1	3	100	1	1	AGCGACTGATCAAAGAATTTGTTAA	100	1	GTATCAAGGTAGCTACCCAGGGATC	100	1	DBCBU1A10
638	DB_CBU1	A11	G1	DB_CBU1	A11	NA	CBUA0015	CBUA0015_BC-2	3	100	1	2	TTGACCACTTCGCACCTACACAAAG	100	1	ATATTATATTCTAGCAGATGTCATT	100	1	DBCBU1A11
639	DB_CBU1	A12	G1	DB_CBU1	A12	NA	CBUA0015	CBUA0015_BC-3	3	100	1	3	TCACTCCAATAAGAGTGCGTAAAAG	100	1	GGTTTCGTACGTCTCAACTATATTG	100	1	DBCBU1A12
640	DB_CBU1	A13	G1	DB_CBU1	A13	NA	CBUA0016	CBUA0016_BC-1	2	100	1	1	ATCGTGAGAAGACTTTTGCCCGCCA	100	1	GTCTCTAATGTTAGTATTCATGGAG	100	1	DBCBU1A13
641	DB_CBU2	D11	G1	DB_CBU2	D11	NA	CBUA0016	CBUA0016_BC-2	2	100	1	1	TCACCCGCAACCTGTAATAAAGGCG	100	1	AACAAACCTACAGATAGCGGTATAA	100	1	DBCBU2D11
642	DB_CBU1	A14	G1	DB_CBU1	A14	NA	CBUA0019	CBUA0019_BC-1	3	100	1	1	TTGTACCCATATAGGTCGGCCTGCT	100	1	ATATGATGCTTGCTTCTTAGGTATT	100	1	DBCBU1A14
643	DB_CBU1	A15	G1	DB_CBU1	A15	NA	CBUA0019	CBUA0019_BC-2	3	100	1	2	AGTCGCCTCGAGCACAAAGCTGCTT	100	1	CCGTATCACGCAAGCCCTACACACG	100	1	DBCBU1A15
644	DB_CBU1	A16	G1	DB_CBU1	A16	NA	CBUA0019	CBUA0019_BC-3	3	100	1	3	TGAATCCAACTCCGACCGCCATATG	100	1	TAATACGGTGTCAAAAGGCCCTTTT	100	1	DBCBU1A16
645	DB_CBU1	A17	G1	DB_CBU1	A17	NA	CBUA0020	CBUA0020_BC-1	3	100	1	1	GGCTGGATGAATTACCATAGACTAA	100	1	TTGGCACCCATCGTTGGTAAATGCA	100	1	DBCBU1A17
646	DB_CBU1	A18	G1	DB_CBU1	A18	NA	CBUA0020	CBUA0020_BC-2	3	100	1	2	ATGGCGATAAGTTACCTAAATAATC	100	1	GGTAACGGTACCCGAGTTTGTTCTT	100	1	DBCBU1A18
647	DB_CBU1	A19	G1	DB_CBU1	A19	NA	CBUA0020	CBUA0020_BC-3	3	100	1	3	GCTCTAACAATTCTCCGTACGAAAC	100	1	AATTGAGAAAGTAGGCGGGGGGTGC	100	1	DBCBU1A19
648	DB_CBU1	A20	G1	DB_CBU1	A20	NA	CBUA0023	CBUA0023_BC-1	3	100	1	1	GCGAGAAGACACACTGCTAATTCAA	100	1	CAACACCTTTTAAGCTAATCATGGC	100	1	DBCBU1A20
649	DB_CBU1	A21	G1	DB_CBU1	A21	NA	CBUA0023	CBUA0023_BC-2	3	100	1	2	TAAAGACAACCACAAAGCCGAACAC	100	1	TGTATCTTTCATAAAGCGGGCCGTG	100	1	DBCBU1A21
650	DB_CBU1	A22	G1	DB_CBU1	A22	NA	CBUA0023	CBUA0023_BC-3	3	100	1	3	TAGGGAGCTTAATCTAACAATTAAA	100	1	TAATTCATATTGTGATAAGTCTTAA	100	1	DBCBU1A22
651	DB_CBU1	A23	G1	DB_CBU1	A23	NA	CBU0012	CBU0012_BC-1	3	100	1	1	TCCATTTTACATGGCGACAAAACTA	100	1	AACACCACGGGAACTGAAACTCTGA	100	1	DBCBU1A23
652	DB_CBU1	A24	G1	DB_CBU1	A24	NA	CBU0012	CBU0012_BC-2	3	100	1	2	GCATAGAGTAGCTAAGTAGGGTGGT	100	1	AATATAATTTTATCGACCTTTTTTG	100	1	DBCBU1A24
653	DB_CBU1	B01	G1	DB_CBU1	B01	NA	CBU0012	CBU0012_BC-3	3	100	1	3	CCCTTCTCTCTAGCTCCAATTTAGT	100	1	CCTTAATAGGGCATGCATAAG	100	1	DBCBU1B01
654	DB_CBU1	B02	G1	DB_CBU1	B02	NA	CBU0021	CBU0021_BC-1	3	100	1	1	GATTCAAAGTCCTTTGATACTAGAA	100	1	TTAAGCAGCACAAGTTAATTTACTA	100	1	DBCBU1B02
655	DB_CBU1	B03	G1	DB_CBU1	B03	NA	CBU0021	CBU0021_BC-2	3	100	1	2	TTAATGAAAAGAACTAGAATACAAA	100	1	CGATAGTTTGTCGCTTATCAGACTA	100	1	DBCBU1B03
656	DB_CBU1	B04	G1	DB_CBU1	B04	NA	CBU0021	CBU0021_BC-3	3	100	1	3	GGCTCCGGCCGGATCCCCTGCCCGG	100	1	TCCACCGTGTTCCACCTTCGTAGTA	100	1	DBCBU1B04
657	DB_CBU1	B05	G1	DB_CBU1	B05	NA	CBU0041	CBU0041_BC-1	3	100	1	1	AGTACTGCGACAAACCTACACGCCA	100	1	CTAAATCATTTGTATTAGAATTTCC	100	1	DBCBU1B05
658	DB_CBU1	B06	G1	DB_CBU1	B06	NA	CBU0041	CBU0041_BC-2	3	100	1	2	TTAGATCAAGAGACGTTCTTACC	100	1	GATACTTGCAGGGCAGACCTCCTTG	100	1	DBCBU1B06
659	DB_CBU1	B07	G1	DB_CBU1	B07	NA	CBU0041	CBU0041_BC-3	3	100	1	3	AGCCCCCCATCTAGTGTGCACAATC	100	1	GGCCATGCTTGTTATCATGCTCCTA	100	1	DBCBU1B07
660	DB_CBU1	B08	G1	DB_CBU1	B08	NA	CBU0062	CBU0062_BC-1	2	100	1	1	CTGCTAAAGACGTTAAAGATCATAC	100	1	GGGTTTTTTCTAGCTGTCACATGGG	100	1	DBCBU1B08
661	DB_CBU1	B09	G1	DB_CBU1	B09	NA	CBU0062	CBU0062_BC-2	2	100	1	2	ACTGCAAATCCACCTAATATGTGCA	100	1	GTGTGTCTCTTAATTTCATTCAGAA	100	1	DBCBU1B09
662	DB_CBU1	B10	G1	DB_CBU1	B10	NA	CBU0069	CBU0069_BC-1	3	100	1	1	AACTGTGTCCATTACAAAAACACAT	100	1	CGATTCCCTCGATACAGTTAAGGGG	100	1	DBCBU1B10
663	DB_CBU1	B11	G1	DB_CBU1	B11	NA	CBU0069	CBU0069_BC-2	3	100	1	2	AGTTTAAATTATTATTTTTTGTTTT	100	1	ATTTACTCGTGCTTACGCTAAATTA	100	1	DBCBU1B11
664	DB_CBU1	B12	G1	DB_CBU1	B12	NA	CBU0069	CBU0069_BC-3	3	100	1	3	TGCCATCCGGGCAAGCAGTTAACCG	100	1	TTTTTCGGCTTCGGAACGAATTTTT	100	1	DBCBU1B12
665	DB_CBU1	B13	G1	DB_CBU1	B13	NA	CBU0071	CBU0071_BC-1	2	100	1	1	GTAAAAACAAATAATGAAAAGGACT	100	1	AATTTATGTTATCTTAAGCGGAAGG	100	1	DBCBU1B13
666	DB_CBU1	B14	G1	DB_CBU1	B14	NA	CBU0071	CBU0071_BC-2	2	100	1	2	GACCTACTAACGACAAGCTCTGGTT	100	1	CGAATCATTTCTCATCGGTGCCAGT	100	1	DBCBU1B14
667	DB_CBU1	B15	G1	DB_CBU1	B15	NA	CBU0072	CBU0072_BC-1	2	100	1	1	TAATAACGATTAGGCTGTTGTATAG	100	1	AGTCACTAGCGATCTGATAAGTCGT	100	1	DBCBU1B15
668	DB_CBU2	D12	G1	DB_CBU2	D12	NA	CBU0072	CBU0072_BC-2	2	100	1	1	GCGCCGACGTAACCCGACTGATTTG	100	1	TCGTTTCGAACATTTGTGTCTCGAA	100	1	DBCBU2D12
669	DB_CBU1	B16	G1	DB_CBU1	B16	NA	CBU0077	CBU0077_BC-1	3	100	1	1	GCCTTTCTATCACTTTACCGAGAAA	100	1	GTACAGTACTTGTAGGTGCACCTGG	100	1	DBCBU1B16
670	DB_CBU1	B17	G1	DB_CBU1	B17	NA	CBU0077	CBU0077_BC-2	3	100	1	2	GTCCCGCCTACATCGGTGGTGACAA	100	1	CACTCTAGTGATCTGAAGACACAAT	100	1	DBCBU1B17
671	DB_CBU1	B18	G1	DB_CBU1	B18	NA	CBU0077	CBU0077_BC-3	3	100	1	3	TCTTCTCATTAACTGCGTCATTGCC	100	1	CTGCACTTGTACAGTTAAGAGATCT	100	1	DBCBU1B18
672	DB_CBU1	B19	G1	DB_CBU1	B19	NA	CBU0080	CBU0080_BC-1	3	100	1	1	GCGGCATGTTTTTCTAATGATGATG	100	1	TATTAGCATTATGCTCTATACCCTG	100	1	DBCBU1B19
673	DB_CBU1	B20	G1	DB_CBU1	B20	NA	CBU0080	CBU0080_BC-2	3	100	1	2	GGACGACGCTATGAAGAACCCGTAA	100	1	AAGAGGGCCGTTAGTAATAATCTTG	100	1	DBCBU1B20
674	DB_CBU1	B21	G1	DB_CBU1	B21	NA	CBU0080	CBU0080_BC-3	3	100	1	3	TGTACACGTTGGCAACCATACCAAA	100	1	GCTTCCGTTCATTGACTCTGTTGATC	100	1	DBCBU1B21
675	DB_CBU2	D08	G1	DB_CBU2	D08	NA	CBU0113	CBU0113_BC-1	2	100	1	1	CATTTGAAACTCCTATTTCTTAGAT	100	1	GACGATCTCTAGGCGAGATTGGTAG	100	1	DBCBU2D08
676	DB_CBU1	B22	G1	DB_CBU1	B22	NA	CBU0113	CBU0113_BC-2	2	100	1	1	TATTACTAAGTCGAATTAAATTAGA	100	1	ACGAGGTTTCATTTGGCTTTAGGAG	100	1	DBCBU1B22
677	DB_CBU1	B23	G1	DB_CBU1	B23	NA	CBU0122	CBU0122_BC-1	3	100	1	1	CTGTAAAAGGATAAACCAAGTGTTC	100	1	GTAGTTATCCTCCTAGCTGCGATGT	100	1	DBCBU1B23
678	DB_CBU1	B24	G1	DB_CBU1	B24	NA	CBU0122	CBU0122_BC-2	3	100	1	2	CCGGTGTCAAAATTGATTTGAATCT	100	1	ATATAGTTTGGGTATTATTGCTACC	100	1	DBCBU1B24
679	DB_CBU1	C01	G1	DB_CBU1	C01	NA	CBU0122	CBU0122_BC-3	3	100	1	3	TCTAAGTTATGGCCATTACAGTGAG	100	1	GTCATAAATATGTACCTAGCTGGTC	100	1	DBCBU1C01
680	DB_CBU1	C02	G1	DB_CBU1	C02	NA	CBU0129	CBU0129_BC-1	3	100	1	1	TCCCACCATGCCGGCCCGGGTCCGC	100	1	ATCGACTAAATGGCTGCTACATTAT	100	1	DBCBU1C02
681	DB_CBU1	C03	G1	DB_CBU1	C03	NA	CBU0129	CBU0129_BC-2	3	100	1	2	GCCCTTAACGATCATCATGGTCACG	100	1	CTTATCCATGTGTTAAAACTCTTCT	100	1	DBCBU1C03
682	DB_CBU1	C04	G1	DB_CBU1	C04	NA	CBU0129	CBU0129_BC-3	3	100	1	3	CTTGTTAACTTGCCTACCGTCCCTA	100	1	TATTAACCATGTAACTAGATCTTTG	100	1	DBCBU1C04
683	DB_CBU1	C05	G1	DB_CBU1	C05	NA	CBU0144-0145	CBU0144-0145_BC-1	3	100	1	1	CTTTACACACAATTAAATTTTGCAC	100	1	ATGTTTCTTATTTTAAAGCCGGTTC	100	1	DBCBU1C05
684	DB_CBU1	C06	G1	DB_CBU1	C06	NA	CBU0144-0145	CBU0144-0145_BC-2	3	100	1	2	GGCCACGCCACCTCGACACAATATA	100	1	GGCCAAGGTTCGTTGGGTGAGGGAG	100	1	DBCBU1C06
685	DB_CBU1	C07	G1	DB_CBU1	C07	NA	CBU0144-0145	CBU0144-0145_BC-3	3	100	1	3	CGCCATCTACCCATATGAATCCGGT	100	1	TGTCAGAGTGTAGTAAACGTTTCTA	100	1	DBCBU1C07
686	DB_CBU1	C08	G1	DB_CBU1	C08	NA	CBU0175	CBU0175_BC-1	3	100	1	1	TGCGCCTATGACGGATATAACGCTG	100	1	ATTGTTTACCCTCCTTACAATCCCT	100	1	DBCBU1C08
687	DB_CBU1	C09	G1	DB_CBU1	C09	NA	CBU0175	CBU0175_BC-2	3	100	1	2	TGTGATAGAAAAAGACGCAGTATCT	100	1	CGTCAGCTGACCAGGGGTTGGGCAC	100	1	DBCBU1C09
688	DB_CBU1	C10	G1	DB_CBU1	C10	NA	CBU0175	CBU0175_BC-3	3	100	1	3	CTCACGTACTATTATCAATACTGTT	100	1	CAGCCAATCAAGGCGGGAACTCGAT	100	1	DBCBU1C10
689	DB_CBU1	C11	G1	DB_CBU1	C11	NA	CBU0183	CBU0183_BC-1	3	100	1	1	CTTTCCGACAACCTCAAACTACCAC	100	1	TTTTGTACAGGCGCTATCTAGTATG	100	1	DBCBU1C11
690	DB_CBU1	C12	G1	DB_CBU1	C12	NA	CBU0183	CBU0183_BC-2	3	100	1	2	TGAGATCAGATCGCACCAGCGTAAC	100	1	ATATGTGAAGTCTATTTGGTGCGGT	100	1	DBCBU1C12
691	DB_CBU1	C13	G1	DB_CBU1	C13	NA	CBU0183	CBU0183_BC-3	3	100	1	3	TTAGGCAAGTGTTATACGGTCAGAT	100	1	ACGCGTGATACGTTTTATTTATAAT	100	1	DBCBU1C13
692	DB_CBU1	C14	G1	DB_CBU1	C14	NA	CBU0201	CBU0201_BC-1	3	100	1	1	TACAAGACTTAAAGAGAACCACACA	100	1	AGTTCCCTAAGACTAAACGCTATAC	100	1	DBCBU1C14
693	DB_CBU1	C15	G1	DB_CBU1	C15	NA	CBU0201	CBU0201_BC-2	3	100	1	2	CAATATCTGATTACCCCGTGCTGGT	100	1	ACATCTACATGCCGTTTGAGGACAG	100	1	DBCBU1C15
694	DB_CBU1	C16	G1	DB_CBU1	C16	NA	CBU0201	CBU0201_BC-3	3	100	1	3	AAAGTGGGATATAACAGTATTCCAA	100	1	TTTGGTCACACGACGGTAGGTAGAC	100	1	DBCBU1C16
695	DB_CBU1	C17	G1	DB_CBU1	C17	NA	CBU0212	CBU0212_BC-1	3	100	1	1	CATTCCCTCTGATCAAAGCACAAGA	100	1	TGATCTCTCCCTCAAGTTTCATTTT	100	1	DBCBU1C17
696	DB_CBU1	C18	G1	DB_CBU1	C18	NA	CBU0212	CBU0212_BC-2	3	100	1	2	ATCGTAGACAGAATGGCTGGTACAA	100	1	TTCTATATCATAGGTTGATATGAGA	100	1	DBCBU1C18
697	DB_CBU1	C19	G1	DB_CBU1	C19	NA	CBU0212	CBU0212_BC-3	3	100	1	3	ACCGTCCTTTACGGACAGTATGCTA	100	1	AATATGAGAATTGACTAATGTGCGC	100	1	DBCBU1C19
698	DB_CBU1	C20	G1	DB_CBU1	C20	NA	CBU0270	CBU0270_BC-1	3	100	1	1	GCAATTCCGTTATCAAGATAGTTAA	100	1	CTTGAGAAGATTGTATATTCTTTAG	100	1	DBCBU1C20
699	DB_CBU1	C21	G1	DB_CBU1	C21	NA	CBU0270	CBU0270_BC-2	3	100	1	2	ACATGCGAAGAAACGGTGCACGTTA	100	1	AACATATAAATGCCAGTGTTGTCTG	100	1	DBCBU1C21
700	DB_CBU1	C22	G1	DB_CBU1	C22	NA	CBU0270	CBU0270_BC-3	3	100	1	3	ATGTAGCAAACAATAATTCGTTACT	100	1	CAGCTCTGTTTCATTCAATCGACTT	100	1	DBCBU1C22
701	DB_CBU1	C23	G1	DB_CBU1	C23	NA	CBU0295	CBU0295_BC-1	2	100	1	1	CCCTACAAATGACT	100	1	GGCACATCAACACCAGTGTTAACTT	100	1	DBCBU1C23
702	DB_CBU1	C24	G1	DB_CBU1	C24	NA	CBU0295	CBU0295_BC-2	2	100	1	2	CGTAGCAACCTACCACTCTCACACGATCTCCAGCGCATGTATAA	100	1	TTCTACAACATATGCTTTCTGCCTA	100	1	DBCBU1C24
703	DB_CBU1	D01	G1	DB_CBU1	D01	NA	CBU0329	CBU0329_BC-1	3	100	1	1	CGCGCGTAACTTTATTATGATTACT	100	1	CAGCGTCTGTCTAGTAACTAATATT	100	1	DBCBU1D01
704	DB_CBU1	D02	G1	DB_CBU1	D02	NA	CBU0329	CBU0329_BC-2	3	100	1	2	ACGTATGAGCTCACCAATGTCTGAA	100	1	TTTGTAGTTTGTGCTATAAACTGTT	100	1	DBCBU1D02
705	DB_CBU1	D03	G1	DB_CBU1	D03	NA	CBU0329	CBU0329_BC-3	3	100	1	3	TACCCACGGGCTCCGGGGGACCCCT	100	1	ATTATTATCCGCTTTGCTGTTTCGT	100	1	DBCBU1D03
706	DB_CBU1	D04	G1	DB_CBU1	D04	NA	CBU0344	CBU0344_BC-1	3	100	1	1	AGCAGGTAATGCCAAATGATGCAAT	100	1	ACTCGCTGAACTGCACTGCTTTAAA	100	1	DBCBU1D04
707	DB_CBU1	D05	G1	DB_CBU1	D05	NA	CBU0344	CBU0344_BC-2	3	100	1	2	GCCACGTTATTCCAGTGTTACTGTT	100	1	TAAAGTGGACATCTGATTTGGACCC	100	1	DBCBU1D05
708	DB_CBU1	D06	G1	DB_CBU1	D06	NA	CBU0344	CBU0344_BC-3	3	100	1	3	ACATAAGTCGTAAAGCTAAATTAGA	100	1	TGCACCTATGTCAGGTGCGGTAAGG	100	1	DBCBU1D06
709	DB_CBU1	D07	G1	DB_CBU1	D07	NA	CBU0372	CBU0372_BC-1	3	100	1	1	GTGCGGAATAGGTAGACCTACATAA	100	1	TTTGGTGAGACCGTCGTCCTGTCAC	100	1	DBCBU1D07
710	DB_CBU1	D08	G1	DB_CBU1	D08	NA	CBU0372	CBU0372_BC-2	3	100	1	2	CTGCCTTGAAAGCATCTTTCATGCA	100	1	CCGGGCAACTTTACAGTTTAGATAG	100	1	DBCBU1D08
711	DB_CBU1	D09	G1	DB_CBU1	D09	NA	CBU0372	CBU0372_BC-3	3	100	1	3	ACGGGCCGATAGTAAATTGTTCGCT	100	1	CTCGTTACTACTTAGGGAATGTTAC	100	1	DBCBU1D09
712	DB_CBU1	D10	G1	DB_CBU1	D10	NA	CBU0375	CBU0375_BC-1	2	100	1	1	ACGGGAAGCTACGGGTAAGATTGAG	100	1	TAGGGTATCAAATTTGGGAGGGGCG	100	1	DBCBU1D10
713	DB_CBU1	D11	G1	DB_CBU1	D11	NA	CBU0375	CBU0375_BC-2	2	100	1	2	GCAGTTCTGAGTGAAAGTAATTGTG	100	1	TTTTACTTAGCTTCGCTTACACACC	100	1	DBCBU1D11
714	DB_CBU1	D12	G1	DB_CBU1	D12	NA	CBU0376	CBU0376_BC-1	2	100	1	1	CTTCTCCAACATCACAGAGGCAAGG	100	1	GAGGAGGCTTGGATATGCATACGTG	100	1	DBCBU1D12
715	DB_CBU1	D13	G1	DB_CBU1	D13	NA	CBU0376	CBU0376_BC-2	2	100	1	2	GACCGCGGAGACCTCACCTATGATT	100	1	CTAGATTGTAAGCGTGCGCCAATTT	100	1	DBCBU1D13
716	DB_CBU1	D14	G1	DB_CBU1	D14	NA	CBU0388	CBU0388_BC-1	3	100	1	1	CCTATTAATCGTGAGGACGTCAATC	100	1	ATATATGACCGTAACTTAGCGCTCT	100	1	DBCBU1D14
717	DB_CBU1	D15	G1	DB_CBU1	D15	NA	CBU0388	CBU0388_BC-2	3	100	1	2	TGCCCGCCCGGGCGGTATACAGTTT	100	1	CGACAAATTATTATTCGCAGGCCAG	100	1	DBCBU1D15
718	DB_CBU1	D16	G1	DB_CBU1	D16	NA	CBU0388	CBU0388_BC-3	3	100	1	3	GGCTTTACAAACCTAAATTTATTCG	100	1	AGAAATGGAAATTGTTCCAGGCAGG	100	1	DBCBU1D16
719	DB_CBU1	D17	G1	DB_CBU1	D17	NA	CBU0393	CBU0393_BC-1	3	100	1	1	GTCGAAATCATTGACTAAGCGCTAC	100	1	ATCCTGCGAAGGTTTAGCGATATAT	100	1	DBCBU1D17
720	DB_CBU1	D18	G1	DB_CBU1	D18	NA	CBU0393	CBU0393_BC-2	3	100	1	2	CCGCCGACGCCACCCGCGTGCCCGC	100	1	ACGTGGTTTTATTCTATTAATGGTC	100	1	DBCBU1D18
721	DB_CBU1	D19	G1	DB_CBU1	D19	NA	CBU0393	CBU0393_BC-3	3	100	1	3	GCGTAAATGCTATCCACTCTGATAT	100	1	CCCTCGGGCTCAATAATTCCAGTTG	100	1	DBCBU1D19
722	DB_CBU1	D20	G1	DB_CBU1	D20	NA	CBU0410	CBU0410_BC-1	3	100	1	1	AGTTCAGGACGTACGAACTCAACAA	100	1	TGAGATTTGTTACGTCATTCTGAAG	100	1	DBCBU1D20
723	DB_CBU1	D21	G1	DB_CBU1	D21	NA	CBU0410	CBU0410_BC-2	3	100	1	2	TAAGGATCACGGGATGCAATGGTCT	100	1	TTCCAATTGATCAGTGTTACATTTT	100	1	DBCBU1D21
724	DB_CBU1	D22	G1	DB_CBU1	D22	NA	CBU0410	CBU0410_BC-3	3	100	1	3	CTGTTCGGAGTATGACTTCAAAATT	100	1	TCTTGGACCCTACTAAATCGGAAAC	100	1	DBCBU1D22
725	DB_CBU1	D23	G1	DB_CBU1	D23	NA	CBU0414	CBU0414_BC-1	3	100	1	1	TACCGAGCTGGGCGCTATCAAATGA	100	1	TGTTAATTTTATAACTCTATGTCT	100	1	DBCBU1D23
726	DB_CBU1	D24	G1	DB_CBU1	D24	NA	CBU0414	CBU0414_BC-2	3	100	1	2	GATACAATCACCAATAGTTTTACAT	100	1	TTTGAGATCTGCTCAAATTATTTCA	100	1	DBCBU1D24
727	DB_CBU1	E01	G1	DB_CBU1	E01	NA	CBU0414	CBU0414_BC-3	3	100	1	3	TGATTGATGCCAAAGAAAAGTAGAG	100	1	GTAGTTTTGGCACGGTATTTAATAC	100	1	DBCBU1E01
728	DB_CBU1	E02	G1	DB_CBU1	E02	NA	CBU0425	CBU0425_BC-1	2	100	1	1	AATCTCCTACTTATAGGTGTAGTAT	100	1	TGCACTGGTACTATATTCGGTACTG	100	1	DBCBU1E02
729	DB_CBU2	D13	G1	DB_CBU2	D13	NA	CBU0425	CBU0425_BC-2	2	100	1	1	TACCCTACGGACGCAGGGTCTGCCA	100	1	TTATGCAACCTATATTCGGGTTGAA	100	1	DBCBU2D13
730	DB_CBU1	E03	G1	DB_CBU1	E03	NA	CBU0447	CBU0447_BC-1	3	100	1	1	TCTACGATGTCTCTGCGCAGAATTG	100	1	CTAATCATCATCTTGGGTTCTTATA	100	1	DBCBU1E03
731	DB_CBU1	E04	G1	DB_CBU1	E04	NA	CBU0447	CBU0447_BC-2	3	100	1	2	CTGGGCGTGCGAACGCACTCTCGGG	100	1	AAGAACGCAAAGCATGCAGTCGGTA	100	1	DBCBU1E04
732	DB_CBU1	E05	G1	DB_CBU1	E05	NA	CBU0447	CBU0447_BC-3	3	100	1	3	TTTTCCCCTAACAGGAGCCGAGGTT	100	1	GGTGGAATCTAATTTAGCCGTAACC	100	1	DBCBU1E05
733	DB_CBU1	E06	G1	DB_CBU1	E06	NA	CBU0469	CBU0469_BC-1	2	100	1	1	CCACAAACGTCATTTTAGGAAACGG	100	1	AAATGATACGGTTATTAGATAAGCT	100	1	DBCBU1E06
734	DB_CBU1	E07	G1	DB_CBU1	E07	NA	CBU0469	CBU0469_BC-2	2	100	1	2	TTAATTCATATAACCTAAAACAGGG	100	1	GCATCCTTATTCAGCCAGACCACAT	100	1	DBCBU1E07
735	DB_CBU1	E08	G1	DB_CBU1	E08	NA	CBU0513	CBU0513_BC-1	3	100	1	1	ACTGTTTTAGTTTGGTCCTTAGGTG	100	1	TTGAGTGCTTTCATATAAAGATATT	100	1	DBCBU1E08
736	DB_CBU1	E09	G1	DB_CBU1	E09	NA	CBU0513	CBU0513_BC-2	3	100	1	2	GAAACTGGCAAGACGTCGAATTCGA	100	1	TCTGTGATTGTGTGTATCCTATATG	100	1	DBCBU1E09
737	DB_CBU1	E10	G1	DB_CBU1	E10	NA	CBU0513	CBU0513_BC-3	3	100	1	3	CCAGGTAGATTTATCCATTAAGTGT	100	1	GTCTATTGAGTATAGCGTCGGGACG	100	1	DBCBU1E10
738	DB_CBU1	E11	G1	DB_CBU1	E11	NA	CBU0534	CBU0534_BC-1	2	100	1	1	CCCTGTCCCAGTAGTGGGGCGGGTC	100	1	CACTTATACTTTGTTCCATGTAAGA	100	1	DBCBU1E11
739	DB_CBU1	E12	G1	DB_CBU1	E12	NA	CBU0534	CBU0534_BC-2	2	100	1	2	CTCTTACTGAGAGTATGACCCTATCT	100	1	AGCAGGACGAGGGGCTCGGGGGGGG	100	1	DBCBU1E12
740	DB_CBU1	E13	G1	DB_CBU1	E13	NA	CBU0590	CBU0590_BC-1	3	100	1	1	CTCATTCTGTTGGATAACAACAAGA	100	1	CGGACCAACGTTGGTTGGGGTAAAT	100	1	DBCBU1E13
741	DB_CBU1	E14	G1	DB_CBU1	E14	NA	CBU0590	CBU0590_BC-2	3	100	1	2	ACCCGCTTGGGACCGTTGAGGCAAG	100	1	ATCGAATTTACGTTCAATTTGCAAA	100	1	DBCBU1E14
742	DB_CBU1	E15	G1	DB_CBU1	E15	NA	CBU0590	CBU0590_BC-3	3	100	1	3	AAGGTCTTAGGGGTGATATTTAAAA	100	1	TTGACTTTATTGGTACCGATGTTGT	100	1	DBCBU1E15
743	DB_CBU1	E16	G1	DB_CBU1	E16	NA	CBU0600	CBU0600_BC-1	3	100	1	1	GCGGTGTTATAAAACGATACACATG	100	1	AACTCACGTATTACCGTGTAGAGCG	100	1	DBCBU1E16
744	DB_CBU1	E17	G1	DB_CBU1	E17	NA	CBU0600	CBU0600_BC-2	3	100	1	2	ATGCCCACATGCCCTTGTACGTACT	100	1	CGGGACAGTAGGTTACTAAGGACTC	100	1	DBCBU1E17
745	DB_CBU1	E18	G1	DB_CBU1	E18	NA	CBU0600	CBU0600_BC-3	3	100	1	3	ACTGGCGTAATATAAACCTGCAGTA	100	1	TGTTACTACTCGCTAATTTTGCCAA	100	1	DBCBU1E18
746	DB_CBU1	E19	G1	DB_CBU1	E19	NA	CBU0606	CBU0606_BC-1	2	100	1	1	GTTTAAACTACATTGTTTACTGACA	100	1	TATGCCTGTAACCCGTTTGATTTAT	100	1	DBCBU1E19
747	DB_CBU1	E20	G1	DB_CBU1	E20	NA	CBU0606	CBU0606_BC-2	2	100	1	2	TACATATTGAACGTACATCAGTTAT	100	1	ATCCTCCGGTCGCTCTTCGGTTCGT	100	1	DBCBU1E20
748	DB_CBU1	E21	G1	DB_CBU1	E21	NA	CBU0626	CBU0626_BC-1	2	100	1	1	CAAAAACAAAAAAAATCGACCGACG	100	1	CTCGTTCATATAAGTTAGGCTGG	100	1	DBCBU1E21
749	DB_CBU1	E22	G1	DB_CBU1	E22	NA	CBU0626	CBU0626_BC-2	2	100	1	2	AGACCACCAGACCTTCGATAATAGA	100	1	TCCTCTGCCACTGTTAAGTCAACCT	100	1	DBCBU1E22
750	DB_CBU1	E23	G1	DB_CBU1	E23	NA	CBU0635	CBU0635_BC-1	3	100	1	1	CCCCAAGTTGAGGTCTAAACAAATC	100	1	AGCCAATTGAAGTATAACTAGGGCA	100	1	DBCBU1E23
751	DB_CBU1	E24	G1	DB_CBU1	E24	NA	CBU0635	CBU0635_BC-2	3	100	1	2	GGCCTCCGTGCTGCTGATAGTTGAT	100	1	TAGGACAGACAACGTTTCGGTCAGA	100	1	DBCBU1E24
752	DB_CBU1	F01	G1	DB_CBU1	F01	NA	CBU0635	CBU0635_BC-3	3	100	1	3	GCCGAAGTCGCTAATTGAAATCGGA	100	1	TATGTCTTAATGCACGACATTGTAC	100	1	DBCBU1F01
753	DB_CBU1	F05	G1	DB_CBU1	F05	NA	CBU0665	CBU0665_BC-1	2	100	1	1	TCGTACCCCTTTATTATGCACTTAT	100	1	TTTTATCAACTGTCCCTGGCGGCGT	100	1	DBCBU1F05
754	DB_CBU1	F06	G1	DB_CBU1	F06	NA	CBU0665	CBU0665_BC-2	2	100	1	2	TATCCATGTTGATAGCGATTATAA	100	1	GCGGAGGGCGGCCACGGTGCCTGGT	100	1	DBCBU1F06
755	DB_CBU1	F07	G1	DB_CBU1	F07	NA	CBU0773	CBU0773_BC-1	3	100	1	1	TGTTCGAGTCAACATTGCCAGACTA	100	1	GGGCTAGGTGCTTAATGCCCTAGGA	100	1	DBCBU1F07
756	DB_CBU1	F08	G1	DB_CBU1	F08	NA	CBU0773	CBU0773_BC-2	3	100	1	2	TAATAGACTAGCTATCAAAAACGAC	100	1	ATTGCTTAGGCATTCTTATATGCTA	100	1	DBCBU1F08
757	DB_CBU1	F09	G1	DB_CBU1	F09	NA	CBU0773	CBU0773_BC-3	3	100	1	3	TAAACCTCTGAAACCCGAACAATAA	100	1	CTTAATAAATCGTCACCTTATACTC	100	1	DBCBU1F09
758	DB_CBU1	F10	G1	DB_CBU1	F10	NA	CBU0781	CBU0781_BC-1	2	100	1	1	TGAATGCAGAAAACAGATTAATCAA	100	1	CATTGAGAATTCTATCTTTAAGCGT	100	1	DBCBU1F10
759	DB_CBU1	F12	G1	DB_CBU1	F12	NA	CBU0781	CBU0781_BC-2	2	100	1	2	GAAACGCGGCGAAACGATCGATGCG	100	1	GAGTTTTATTAAGGACGCTTTCCGG	100	1	DBCBU1F12
760	DB_CBU1	F13	G1	DB_CBU1	F13	NA	CBU0794	CBU0794_BC-1	3	100	1	1	TCAATGTCCCGTCAAAACTAAAAAT	100	1	CAATATACTACGTTCTGTAATTACA	100	1	DBCBU1F13
761	DB_CBU1	F14	G1	DB_CBU1	F14	NA	CBU0794	CBU0794_BC-2	3	100	1	2	TGAAATAATATTCCCGAAGACGGTA	100	1	CATCATCGTCTGTTTGATCATGGGA	100	1	DBCBU1F14
762	DB_CBU1	F15	G1	DB_CBU1	F15	NA	CBU0794	CBU0794_BC-3	3	100	1	3	AAAAAGGGAACACGTCGGAAGTACC	100	1	CTCAAAGTTCATCTAAAACCACAAT	100	1	DBCBU1F15
763	DB_CBU1	F16	G1	DB_CBU1	F16	NA	CBU0801	CBU0801_BC-1	3	100	1	1	GCGGTCGACAGTACCAAATAGTCAG	100	1	TGTGATTAACCATTTAATTGTACGT	100	1	DBCBU1F16
764	DB_CBU1	F17	G1	DB_CBU1	F17	NA	CBU0801	CBU0801_BC-2	3	100	1	2	CGATATATTATGAGGTATTAATGAT	100	1	TTATGGTGTAAGGTATATAGTTCGA	100	1	DBCBU1F17
765	DB_CBU1	F18	G1	DB_CBU1	F18	NA	CBU0801	CBU0801_BC-3	3	100	1	3	CGCCGGGGTATTGGAAGGCCTGAAC	100	1	AACCACGATGCATTAGGGGCTAATT	100	1	DBCBU1F18
766	DB_CBU1	F19	G1	DB_CBU1	F19	NA	CBU0814	CBU0814_BC-1	3	100	1	1	TAAGGTCAATATATTCCTCAATTGC	100	1	TATTGTTATTCTAGGTATACCGGTA	100	1	DBCBU1F19
767	DB_CBU1	F20	G1	DB_CBU1	F20	NA	CBU0814	CBU0814_BC-2	3	100	1	2	TGCACTGACTGTAGTCGC	100	1	AATCTCGATGTTTCAGTTAAAGAAA	100	1	DBCBU1F20
768	DB_CBU1	F21	G1	DB_CBU1	F21	NA	CBU0814	CBU0814_BC-3	3	100	1	3	GAACAATGGAAAAAACCTACAAGCT	100	1	ATTCGCCTTTCTATAGTCTGCCTCA	100	1	DBCBU1F21
769	DB_CBU1	F22	G1	DB_CBU1	F22	NA	CBU0881	CBU0881_BC-1	3	100	1	1	TCCATACCAACAGGGGATAGACGCG	100	1	ATTTTCAGAAACTTGTTATGTAGTC	100	1	DBCBU1F22
770	DB_CBU1	F23	G1	DB_CBU1	F23	NA	CBU0881	CBU0881_BC-2	3	100	1	2	GCCAAGTTCTACCCGAGATTCGCCC	100	1	CACCTATTATCTAAGATCGAAACTT	100	1	DBCBU1F23
771	DB_CBU1	F24	G1	DB_CBU1	F24	NA	CBU0881	CBU0881_BC-3	3	100	1	3	AACGTATCTTCAAGGTTTCTCAGCA	100	1	TAAATCAAGCCTCCTTACCATGTCA	100	1	DBCBU1F24
772	DB_CBU1	G01	G1	DB_CBU1	G01	NA	CBU0885	CBU0885_BC-1	3	100	1	1	TCCCTCTAATCAACCGCGCGTGAGC	100	1	CGTATTTATTATAATGAAGTTTCAG	100	1	DBCBU1G01
773	DB_CBU1	G02	G1	DB_CBU1	G02	NA	CBU0885	CBU0885_BC-2	3	100	1	2	CAACGAGCACGCAATTATTCAATAG	100	1	TATGGGCTTAAAATTTCATTCTACG	100	1	DBCBU1G02
774	DB_CBU1	G03	G1	DB_CBU1	G03	NA	CBU0885	CBU0885_BC-3	3	100	1	3	TTACGCCAATGCAAGAAAATACATC	100	1	CACATGATCAATGTATATTCTTACC	100	1	DBCBU1G03
775	DB_CBU1	G04	G1	DB_CBU1	G04	NA	CBU0937	CBU0937_BC-1	3	100	1	1	TTTATATGATTGTTACTTAGATACA	100	1	TTGGACTCCAGCGTTTCGATCAAAG	100	1	DBCBU1G04
776	DB_CBU1	G05	G1	DB_CBU1	G05	NA	CBU0937	CBU0937_BC-2	3	100	1	2	TGAATCAAATAATCTTACTGTATTG	100	1	TATGAGCAATGGAGTCTATTATTAG	100	1	DBCBU1G05
777	DB_CBU1	G06	G1	DB_CBU1	G06	NA	CBU0937	CBU0937_BC-3	3	100	1	3	TGTTGGGATGAGGCTGGCCCGCAAT	100	1	AGCAGGTAGGGTGCTAATAAAATAA	100	1	DBCBU1G06
778	DB_CBU1	G07	G1	DB_CBU1	G07	NA	CBU0978	CBU0978_BC-1	3	100	1	1	GCTGGCGTGATGAAACTACTACACC	100	1	AGAGCAGATGTAACATACTTCCGGG	100	1	DBCBU1G07
779	DB_CBU1	G08	G1	DB_CBU1	G08	NA	CBU0978	CBU0978_BC-2	3	100	1	2	ATACTAGAACAAAAAGGTATTGTAA	100	1	ATATATAATCAAGTCTGCAAAAATG	100	1	DBCBU1G08
780	DB_CBU1	G09	G1	DB_CBU1	G09	NA	CBU0978	CBU0978_BC-3	3	100	1	3	ATCCTCCGCTATACTCATTCAGAAA	100	1	TTCTTAAATCCACTGTTTCTATTTT	100	1	DBCBU1G09
781	DB_CBU1	G10	G1	DB_CBU1	G10	NA	CBU1025	CBU1025_BC-1	2	100	1	1	TCTCATGTGAAGGCACACTCACCCGCTACGAAATAACA	100	1	TATATTATCTTATTCTGTCGTTATT	100	1	DBCBU1G10
782	DB_CBU1	G11	G1	DB_CBU1	G11	NA	CBU1025	CBU1025_BC-2	2	100	1	2	GGTTGTTATCGGTCTATAGCTCAAA	100	1	TTTTTTATGAGCCCTTATTTATCTA	100	1	DBCBU1G11
783	DB_CBU1	G12	G1	DB_CBU1	G12	NA	CBU1045	CBU1045_BC-1	3	100	1	1	CTATCAAAAGGGTTTTTCAGGAAAA	100	1	CATCTATTTCGTGTAGATCTTAAAT	100	1	DBCBU1G12
784	DB_CBU1	G13	G1	DB_CBU1	G13	NA	CBU1045	CBU1045_BC-2	3	100	1	2	ACCAATCAGTGCTACGTGTCTGTCT	100	1	TTAATCTGTACATAGGTTTGGAATT	100	1	DBCBU1G13
785	DB_CBU1	G14	G1	DB_CBU1	G14	NA	CBU1045	CBU1045_BC-3	3	100	1	3	AACCCAGTCGGGACCCTGTTGGAAA	100	1	GTTACCCTATACAGCTTTGTCATCT	100	1	DBCBU1G14
786	DB_CBU1	G15	G1	DB_CBU1	G15	NA	CBU1079	CBU1079_BC-1	3	100	1	1	GTTCATACATATTCCCACCGAGTAG	100	1	ATGGAGGGCATGATATCACCTTTTT	100	1	DBCBU1G15
787	DB_CBU1	G16	G1	DB_CBU1	G16	NA	CBU1079	CBU1079_BC-2	3	100	1	2	AGACCTTATGAACCAAGAGAAATAG	100	1	AACACAAAACAACCACAACAATGTA	100	1	DBCBU1G16
788	DB_CBU1	G17	G1	DB_CBU1	G17	NA	CBU1079	CBU1079_BC-3	3	100	1	3	GACACCACAAACTAAACAGATTGTA	100	1	TGCCCTTAGTAAAGTTTTCAATGTT	100	1	DBCBU1G17
789	DB_CBU1	G18	G1	DB_CBU1	G18	NA	CBU1102	CBU1102_BC-1	2	100	1	1	AAGAGGTTTATTCCGTAATCTAAG	100	1	TAGCGTACTAGCGCTCTAGTTGAT	100	1	DBCBU1G18
790	DB_CBU1	G19	G1	DB_CBU1	G19	NA	CBU1102	CBU1102_BC-2	2	100	1	2	GTGTCTAATATACATACATGTACTG	100	1	CTAGATTACAACTTCACTATTTTCT	100	1	DBCBU1G19
791	DB_CBU1	G20	G1	DB_CBU1	G20	NA	CBU1107	CBU1107_BC-1	3	100	1	1	CTCACTTAAGGTAAAGTTCAGAAAC	100	1	GCGCTTTTGGATGAGCTATTCTGTT	100	1	DBCBU1G20
792	DB_CBU1	G21	G1	DB_CBU1	G21	NA	CBU1107	CBU1107_BC-2	3	100	1	2	CTAGACCCTGTTTGTGCTAATCTTG	100	1	GGCGGCGGGCCTACAACAGGAGCCA	100	1	DBCBU1G21
793	DB_CBU1	G22	G1	DB_CBU1	G22	NA	CBU1107	CBU1107_BC-3	3	100	1	3	TGTGCATGTTGTGCCATCCGGTCTT	100	1	AATCAAGGCGTCTGTTCACATGATG	100	1	DBCBU1G22
794	DB_CBU1	G23	G1	DB_CBU1	G23	NA	CBU1108	CBU1108_BC-1	3	100	1	1	AATAACAATGCGAACAAAAATAAAG	100	1	TAGCTGATGTTCACTTTTTCGGACC	100	1	DBCBU1G23
795	DB_CBU1	G24	G1	DB_CBU1	G24	NA	CBU1108	CBU1108_BC-2	3	100	1	2	CGATGGCTAAGTCCGACAAGGCGCC	100	1	CTACTCACACTCCTCTTCTCGAGAT	100	1	DBCBU1G24
796	DB_CBU1	H01	G1	DB_CBU1	H01	NA	CBU1108	CBU1108_BC-3	3	100	1	3	GAATGCTAGGTTTTGTTGTGAGCAT	100	1	CAGTTACGTTGCAAGTCATTTTCCA	100	1	DBCBU1H01
797	DB_CBU1	H02	G1	DB_CBU1	H02	NA	CBU1110	CBU1110_BC-1	2	100	1	1	TTTAGGCCCCGACGATGTTGGTTAA	100	1	GTAACGGTATGAGGTGGTGGGGGGG	100	1	DBCBU1H02
798	DB_CBU1	H03	G1	DB_CBU1	H03	NA	CBU1110	CBU1110_BC-2	2	100	1	2	TGCAGGAACGCGTACTCTGCAGCTC	100	1	GGTTCTTCTAATGCTATTTTTCAAA	100	1	DBCBU1H03
799	DB_CBU1	H04	G1	DB_CBU1	H04	NA	CBU1150	CBU1150_BC-1	3	100	1	1	ATAAGATAGCAACAAGACCTAACTA	100	1	TTTTTTTATATAACGAATAACAGGA	100	1	DBCBU1H04
800	DB_CBU1	H05	G1	DB_CBU1	H05	NA	CBU1150	CBU1150_BC-2	3	100	1	2	AAATAAGAATGTCAACGTCGTAGTA	100	1	ACGCTGCATCTCTTCCCTGTTTCTT	100	1	DBCBU1H05
801	DB_CBU1	H06	G1	DB_CBU1	H06	NA	CBU1150	CBU1150_BC-3	3	100	1	3	ATGAGGAAGTTCGCTTTATACGCAA	100	1	TCAGGTTTTTCTAATTCGATTTGCA	100	1	DBCBU1H06
802	DB_CBU1	H07	G1	DB_CBU1	H07	NA	CBU1063	CBU1063_BC-1	3	100	1	1	ACACTAAATCTCCAGACCCTGTACC	100	1	ATGATGTCAAATTTCAATGTATGCT	100	1	DBCBU1H07
803	DB_CBU1	H08	G1	DB_CBU1	H08	NA	CBU1063	CBU1063_BC-2	3	100	1	2	ATAGAACAGAATAAAATAAGCTTGA	100	1	CGGGATTCTAGCCGAGGATCTTTTA	100	1	DBCBU1H08
804	DB_CBU1	H09	G1	DB_CBU1	H09	NA	CBU1063	CBU1063_BC-3	3	100	1	3	ACATGAATACTCAAAGCCAGCTAAA	100	1	CGTACAGTATTGAGCGAAATTGGAA	100	1	DBCBU1H09
805	DB_CBU1	H10	G1	DB_CBU1	H10	NA	CBU1198	CBU1198_BC-1	3	100	1	1	TCTATAAGAAGATACTGATTAAAAT	100	1	TATAGAAGATAACCTTACATTTTGTT	100	1	DBCBU1H10
806	DB_CBU1	H11	G1	DB_CBU1	H11	NA	CBU1198	CBU1198_BC-2	3	100	1	2	GACAACAAAACATAAATCAGACACA	100	1	TTCGCGCCAAGTGCGAATTTTGCCT	100	1	DBCBU1H11
807	DB_CBU1	H12	G1	DB_CBU1	H12	NA	CBU1198	CBU1198_BC-3	3	100	1	3	ATTTGGTATTAGTACATGGGGTCCA	100	1	GCAAGTCTTCGGTGACTTAAGTGCG	100	1	DBCBU1H12
808	DB_CBU1	H13	G1	DB_CBU1	H13	NA	CBU1213	CBU1213_BC-1	3	100	1	1	CTCGTAGTGTCGAAGTCCAATTTGA	100	1	AAGAGGGGGTGGAGTGTCCCGGGAA	100	1	DBCBU1H13
809	DB_CBU1	H14	G1	DB_CBU1	H14	NA	CBU1213	CBU1213_BC-2	3	100	1	2	CCTCATATAATCGCATAGACACATC	100	1	ACTGTTTGTTGAAGTCTTTAAGTAA	100	1	DBCBU1H14
810	DB_CBU1	H15	G1	DB_CBU1	H15	NA	CBU1213	CBU1213_BC-3	3	100	1	3	CATAATAAGGCCATACATTAGGAAG	100	1	ATATAAATAACCGGTGTTTAACTGA	100	1	DBCBU1H15
811	DB_CBU1	H16	G1	DB_CBU1	H16	NA	CBU1217	CBU1217_BC-1	2	100	1	1	TGCTATCAGAAGTAGACATTGACAT	100	1	ATTCGGACGTGTTGTACATTCAAGG	100	1	DBCBU1H16
812	DB_CBU2	D14	G1	DB_CBU2	D14	NA	CBU1217	CBU1217_BC-2	2	100	1	1	TTCCTGTGCAAAGGGAACTATGAAA	100	1	ATGTGGGTTAGGGAGTAGTTTTGGG	100	1	DBCBU2D14
813	DB_CBU1	H17	G1	DB_CBU1	H17	NA	CBU1253A	CBU1253A_BC-1	3	100	1	1	CCTCCCCTCGACCATGCACTTTTAG	100	1	CTCACTCCACCAATTACGGATGGAA	100	1	DBCBU1H17
814	DB_CBU1	H18	G1	DB_CBU1	H18	NA	CBU1253A	CBU1253A_BC-2	3	100	1	2	ATACAGGAAATGCAATCGCCGACCC	100	1	TCCCCATTGCGTATCGACACCTCTT	100	1	DBCBU1H18
815	DB_CBU1	H19	G1	DB_CBU1	H19	NA	CBU1253A	CBU1253A_BC-3	3	100	1	3	GGTCAATGCATAGACCGACAGAAAG	100	1	GCTTTTAAGCTTATTTATTAGTTTT	100	1	DBCBU1H19
816	DB_CBU1	H20	G1	DB_CBU1	H20	NA	CBU1253B	CBU1253B_BC-1	3	100	1	1	CAAAGAGAAGGGCATGAAATGTCGT	100	1	TGTTAGTTAGTGTCTTATTACTTTT	100	1	DBCBU1H20
817	DB_CBU1	H21	G1	DB_CBU1	H21	NA	CBU1253B	CBU1253B_BC-2	3	100	1	2	TTAAGCAAATTATTATATCTTGTTT	100	1	TGAGTTTATACAGTACCCCTTTTTC	100	1	DBCBU1H21
818	DB_CBU1	H22	G1	DB_CBU1	H22	NA	CBU1253B	CBU1253B_BC-3	3	100	1	3	ACAGCATCCTTGCAGACTACACG	100	1	AGGATAGGACTGAACCTGGACACCT	100	1	DBCBU1H22
819	DB_CBU1	H23	G1	DB_CBU1	H23	NA	CBU1314	CBU1314_BC-1	3	100	1	1	ATTACAATTAGTATGTAAGTCATTC	100	1	AACCTTAACTTCAGAGCCAACTAGT	100	1	DBCBU1H23
820	DB_CBU1	H24	G1	DB_CBU1	H24	NA	CBU1314	CBU1314_BC-2	3	100	1	2	CGTGAAATTCGAACACCGTAAATGT	100	1	CTTATCAGTCTGATCTCTGACTCAT	100	1	DBCBU1H24
821	DB_CBU1	I01	G1	DB_CBU1	I01	NA	CBU1314	CBU1314_BC-3	3	100	1	3	AATAAACTTGAAATGCCATAGTGAA	100	1	CTAGTTAGGCTCTCGGTATGCTCTT	100	1	DBCBU1I01
822	DB_CBU1	I02	G1	DB_CBU1	I02	NA	CBU1335	CBU1335_BC-1	3	100	1	1	CCGTGTTTAGAAGCTGTTATAGTTC	100	1	GACGCCGTACTATCCTCTTTCTTGG	100	1	DBCBU1I02
823	DB_CBU1	I03	G1	DB_CBU1	I03	NA	CBU1335	CBU1335_BC-2	3	100	1	2	TTCATCTGCCAACTAAAAAATATTT	100	1	TGTTACGAGTCACCCGCACGAGCCT	100	1	DBCBU1I03
824	DB_CBU1	I04	G1	DB_CBU1	I04	NA	CBU1335	CBU1335_BC-3	3	100	1	3	TAATAATGATCAGTGTCAGGCAGTT	100	1	ATGGTTGTAAACCGTTGTATTTGAG	100	1	DBCBU1I04
825	DB_CBU1	I05	G1	DB_CBU1	I05	NA	CBU1370	CBU1370_BC-1	3	100	1	1	CTTAAGATCAAACAATACGCATCCA	100	1	GGATAGTCATCTAAGGGTCTAATCT	100	1	DBCBU1I05
826	DB_CBU1	I06	G1	DB_CBU1	I06	NA	CBU1370	CBU1370_BC-2	3	100	1	2	GATAGTGGTGTTGGTCTTACGGTGA	100	1	GCTTTCACTGGGTACATATGGACGA	100	1	DBCBU1I06
827	DB_CBU1	I07	G1	DB_CBU1	I07	NA	CBU1370	CBU1370_BC-3	3	100	1	3	AGCTTCCCCTGATGTGGCCATCAAG	100	1	ATGTATCATATAATCTCACCCTGAC	100	1	DBCBU1I07
828	DB_CBU1	I08	G1	DB_CBU1	I08	NA	CBU1379	CBU1379_BC-1	3	100	1	1	CCCTACCCCGTCCCTCCGTATCGCG	100	1	CTGATCACAATCTTTCAAGTGTAAA	100	1	DBCBU1I08
829	DB_CBU1	I09	G1	DB_CBU1	I09	NA	CBU1379	CBU1379_BC-2	3	100	1	2	CAGCCAATCTTTAAAAGTTAATGTT	100	1	CGGGTGTGGAATTTCTGATTTGTCT	100	1	DBCBU1I09
830	DB_CBU1	I10	G1	DB_CBU1	I10	NA	CBU1379	CBU1379_BC-3	3	100	1	3	TGTAACATTATTTCGTCTATAAAAT	100	1	TGCAATCCACTAATGGTCGTGAATT	100	1	DBCBU1I10
831	DB_CBU1	I11	G1	DB_CBU1	I11	NA	CBU1387	CBU1387_BC-1	3	100	1	1	CCCAAGACGGCAAGCAATTATAACG	100	1	AGACTGTAACGAATAATCCAACTTA	100	1	DBCBU1I11
832	DB_CBU1	I12	G1	DB_CBU1	I12	NA	CBU1387	CBU1387_BC-2	3	100	1	2	ACCACTGGTTACATTCATGTTAGAT	100	1	CGGGAAATCTGATCTCTATACCATA	100	1	DBCBU1I12
833	DB_CBU1	I13	G1	DB_CBU1	I13	NA	CBU1387	CBU1387_BC-3	3	100	1	3	TTGGGTGGATACGAGGCTGAGAGAT	100	1	ATTCACAAGATATTTTCGGTGTCAT	100	1	DBCBU1I13
834	DB_CBU1	I14	G1	DB_CBU1	I14	NA	CBU1406	CBU1406_BC-1	3	100	1	1	TCTAGCCAGGCCGCGCAGACCTAAA	100	1	ATACAGCGAGTTTTTGATCGCCCGT	100	1	DBCBU1I14
835	DB_CBU1	I15	G1	DB_CBU1	I15	NA	CBU1406	CBU1406_BC-2	3	100	1	2	CTTAGGGATTGTATGTTGAACCTAA	100	1	TCTTACTCGTAACGGATATTTTTCT	100	1	DBCBU1I15
836	DB_CBU1	I16	G1	DB_CBU1	I16	NA	CBU1406	CBU1406_BC-3	3	100	1	3	TACAAGAACCCTTGAGAGTATACCG	100	1	TATGTCAGAAATTACTATGATCACT	100	1	DBCBU1I16
837	DB_CBU1	I17	G1	DB_CBU1	I17	NA	CBU1409	CBU1409_BC-1	3	100	1	1	ATGGCCATAGCATAATTATGTTAGA	100	1	GAAGTTTCGGTACGCATTCTGACTT	100	1	DBCBU1I17
838	DB_CBU1	I18	G1	DB_CBU1	I18	NA	CBU1409	CBU1409_BC-2	3	100	1	2	CGGACATCGGTCAGGGCCAGCACC	100	1	GAACCAACTGTGTACTACTAAAAAA	100	1	DBCBU1I18
839	DB_CBU1	I19	G1	DB_CBU1	I19	NA	CBU1409	CBU1409_BC-3	3	100	1	3	AGATAGCAAAAACCGCCGCTTCATA	100	1	TCAGCGTCTTGCGGACGCATCATGC	100	1	DBCBU1I19
840	DB_CBU1	I20	G1	DB_CBU1	I20	NA	CBU1425	CBU1425_BC-1	3	100	1	1	CTTCCGCAGTGTTAAGGAGTGTGAT	100	1	CCCTAATCATGGTGAGTTGTCGTGG	100	1	DBCBU1I20
841	DB_CBU1	I21	G1	DB_CBU1	I21	NA	CBU1425	CBU1425_BC-2	3	100	1	2	TAAAATCAGGACACTAGGCAATTTA	100	1	TTTCGGTGCGGATGCTCGCGCAGAA	100	1	DBCBU1I21
842	DB_CBU1	I22	G1	DB_CBU1	I22	NA	CBU1425	CBU1425_BC-3	3	100	1	3	GGTACCTAATCACATAGACAAAAAC	100	1	GCGTCGGGGTAAAGGGCGGGAAGGG	100	1	DBCBU1I22
843	DB_CBU1	I23	G1	DB_CBU1	I23	NA	CBU1434	CBU1434_BC-1	2	100	1	1	GGGAAAAACTTCTCAGGATTGGCTC	100	1	AAATGGTGCGACCTAAGGATACTAC	100	1	DBCBU1I23
844	DB_CBU1	I24	G1	DB_CBU1	I24	NA	CBU1434	CBU1434_BC-2	2	100	1	2	GAAGCCATGCCCATGCACAGCCGA	100	1	TTAAAATCTGTTCTCATTCCACTCA	100	1	DBCBU1I24
845	DB_CBU1	J01	G1	DB_CBU1	J01	NA	CBU1457	CBU1457_BC-1	3	100	1	1	GGCCCCCAACCGGGGGTGTCTGGTA	100	1	TCATCTTGTTTCTTCCTTGGATGTG	100	1	DBCBU1J01
846	DB_CBU1	J02	G1	DB_CBU1	J02	NA	CBU1457	CBU1457_BC-2	3	100	1	2	CCATTCCGACACCCTACCGTCTCGC	100	1	AGGGTTAATACTTTGTGGTTAGACG	100	1	DBCBU1J02
847	DB_CBU1	J03	G1	DB_CBU1	J03	NA	CBU1457	CBU1457_BC-3	3	100	1	3	TACTTTGTAGATTCTAACAGCCAAG	100	1	GTCTGTTATCATTTAAATTCAAGTT	100	1	DBCBU1J03
848	DB_CBU1	J04	G1	DB_CBU1	J04	NA	CBU1460	CBU1460_BC-1	2	100	1	1	AATTCGCGAGGACCTTCGATCTGCC	100	1	GATCAGCGTTGTCTCTGCAGTATTC	100	1	DBCBU1J04
849	DB_CBU1	J05	G1	DB_CBU1	J05	NA	CBU1460	CBU1460_BC-2	2	100	1	2	TAACGGTGGCTTGACGTCTTCGTAG	100	1	TTGTTTTATTAAATTAGTCGTTTAT	100	1	DBCBU1J05
850	DB_CBU1	J06	G1	DB_CBU1	J06	NA	CBU1461	CBU1461_BC-1	3	100	1	1	ACCATTAAACAACGAACCAGATGTA	100	1	ACGCGCCAAACTAAAGGTGGGGGAT	100	1	DBCBU1J06
851	DB_CBU1	J07	G1	DB_CBU1	J07	NA	CBU1461	CBU1461_BC-2	3	100	1	2	AACCCTTATAGATAATGAAAAATAA	100	1	TTAGCATAATTTTTTTCTGTTACTT	100	1	DBCBU1J07
852	DB_CBU1	J08	G1	DB_CBU1	J08	NA	CBU1461	CBU1461_BC-3	3	100	1	3	CCCCTTCATGAGCATTCTATTACGT	100	1	AGACTCTTCGTCTTATGTGATAAAC	100	1	DBCBU1J08
853	DB_CBU1	J09	G1	DB_CBU1	J09	NA	CBU1485	CBU1485_BC-1	3	100	1	1	CGAAGTCAACTAAGAAGACAGAACA	100	1	CCTCATGTGGTACTGAATTTCTCCT	100	1	DBCBU1J09
854	DB_CBU1	J10	G1	DB_CBU1	J10	NA	CBU1485	CBU1485_BC-2	3	100	1	2	TTGGCGCCCCACCCGACGCCATCTG	100	1	AGTGGCGGAGAGGTGAGGGGGCAGC	100	1	DBCBU1J10
855	DB_CBU1	J11	G1	DB_CBU1	J11	NA	CBU1485	CBU1485_BC-3	3	100	1	3	ACTTGAAAAATGTAAGGGGCGAGAC	100	1	ACGCGAATTCGGATTAATTGTTCGC	100	1	DBCBU1J11
856	DB_CBU1	J12	G1	DB_CBU1	J12	NA	CBU1493	CBU1493_BC-1	3	100	1	1	ACTGTGTTAAAGATCGCCGAAAAGA	100	1	GAGACTAGTGTATTCGTTCATCCGG	100	1	DBCBU1J12
857	DB_CBU1	J13	G1	DB_CBU1	J13	NA	CBU1493	CBU1493_BC-2	3	100	1	2	GCGATCCCGGCCTGACTATTATG	100	1	GGCTACATCCAGGTCTCGACATGTA	100	1	DBCBU1J13
858	DB_CBU1	J14	G1	DB_CBU1	J14	NA	CBU1493	CBU1493_BC-3	3	100	1	3	TCTCGTCAAATCTGATTAGAGGGCG	100	1	TCTCGCATCCATACTCGAGATTAAT	100	1	DBCBU1J14
859	DB_CBU1	J18	G1	DB_CBU1	J18	NA	CBU1525	CBU1525_BC-1	3	100	1	1	GAGATCCTTTTTAACGACCCGGAAC	100	1	TCATTCGTGTATGAACCATCTAGAA	100	1	DBCBU1J18
860	DB_CBU1	J19	G1	DB_CBU1	J19	NA	CBU1525	CBU1525_BC-2	3	100	1	2	TTCATGACAGCTTAGTGTGAGTCAG	100	1	CGGGTAATAGACTCAGTTTCATGTG	100	1	DBCBU1J19
861	DB_CBU1	J20	G1	DB_CBU1	J20	NA	CBU1525	CBU1525_BC-3	3	100	1	3	ATTTTTAGCATTTGGAGATATAAA	100	1	CCATTCTGGATTTATTTTTAGTCGA	100	1	DBCBU1J20
862	DB_CBU1	J21	G1	DB_CBU1	J21	NA	CBU1530	CBU1530_BC-1	3	100	1	1	ATTTATACATAACAATGAATTTGGT	100	1	TGTGACTTGTTTAGTCAATACACAT	100	1	DBCBU1J21
863	DB_CBU1	J22	G1	DB_CBU1	J22	NA	CBU1530	CBU1530_BC-2	3	100	1	2	CTTGCAATGTTCATAATTGTATAAG	100	1	TAAACTGTACAATCAGGACGGTGAA	100	1	DBCBU1J22
864	DB_CBU1	J23	G1	DB_CBU1	J23	NA	CBU1530	CBU1530_BC-3	3	100	1	3	GCCCGTTAGTATTGACCATTACTGA	100	1	AGGGTTATCACTATTGCTTTGTCAT	100	1	DBCBU1J23
865	DB_CBU1	J24	G1	DB_CBU1	J24	NA	CBU1532	CBU1532_BC-1	3	100	1	1	CTATGATCCCGAGTGAAGTAGTTG	100	1	CAAGAATAAAAGTACTGGAAGATCC	100	1	DBCBU1J24
866	DB_CBU1	K01	G1	DB_CBU1	K01	NA	CBU1532	CBU1532_BC-2	3	100	1	2	AGCAAACAAAGATTAACTTAACAG	100	1	TACTTTATGTAGTATCGTAATCAGG	100	1	DBCBU1K01
867	DB_CBU1	K02	G1	DB_CBU1	K02	NA	CBU1532	CBU1532_BC-3	3	100	1	3	CAAACTAAAATGAGCTACTGAGAGC	100	1	CGCGTGCAGACTACTTTTTATTTCC	100	1	DBCBU1K02
868	DB_CBU1	K03	G1	DB_CBU1	K03	NA	CBU1543	CBU1543_BC-1	3	100	1	1	ACGGTCGTTATCTACATTTTAACTT	100	1	GGTTAGTGATCGAGGAGTGGTGGAC	100	1	DBCBU1K03
869	DB_CBU1	K04	G1	DB_CBU1	K04	NA	CBU1543	CBU1543_BC-2	3	100	1	2	GCAGAGTTGGAACATATTTACGTGT	100	1	TCGCACTTGAGATTATGCCGCACGT	100	1	DBCBU1K04
870	DB_CBU1	K05	G1	DB_CBU1	K05	NA	CBU1543	CBU1543_BC-3	3	100	1	3	AAGACACAAGAGGTTTAACACGATT	100	1	ATCGGCGTTTACTTGATCGTCGTTA	100	1	DBCBU1K05
871	DB_CBU1	K06	G1	DB_CBU1	K06	NA	CBU1556	CBU1556_BC-1	3	100	1	1	ATTTTACGTACACATAAATACAAAT	100	1	AATGCCTTGGACAATTATTTTCGTG	100	1	DBCBU1K06
872	DB_CBU1	K07	G1	DB_CBU1	K07	NA	CBU1556	CBU1556_BC-2	3	100	1	2	CACCCGCTGTCGGCTCCGGTTGGGT	100	1	AATTTTCATACCTCCCATTCTCCGG	100	1	DBCBU1K07
873	DB_CBU1	K08	G1	DB_CBU1	K08	NA	CBU1556	CBU1556_BC-3	3	100	1	3	ATGGCATGATTCTCCTGTATGAGAA	100	1	TGTCGTGTAAGCCACTGCATGGTCA	100	1	DBCBU1K08
874	DB_CBU1	K09	G1	DB_CBU1	K09	NA	CBU1566	CBU1566_BC-1	3	100	1	1	GCCGGGGGCAACTACTATTACTTTT	100	1	TATCTTTCACTCTTTCATGAAAACT	100	1	DBCBU1K09
875	DB_CBU1	K10	G1	DB_CBU1	K10	NA	CBU1566	CBU1566_BC-2	3	100	1	2	GAATAATACAAGCGTTCGCATGCTG	100	1	TATTAAAAAGTACGTTAAGGTGTTA	100	1	DBCBU1K10
876	DB_CBU1	K11	G1	DB_CBU1	K11	NA	CBU1566	CBU1566_BC-3	3	100	1	3	GTAACCAAGAAGCTTGTCGGACTTT	100	1	ACCACAACCGACTTTTGTTTCAAGC	100	1	DBCBU1K11
877	DB_CBU1	K12	G1	DB_CBU1	K12	NA	CBU1569	CBU1569_BC-1	3	100	1	1	ATCAAAGTCTATTAAAAAACTCAAC	100	1	AAATGTGGACAATCGTGTTCATATG	100	1	DBCBU1K12
878	DB_CBU1	K13	G1	DB_CBU1	K13	NA	CBU1569	CBU1569_BC-2	3	100	1	2	CCCATGCCCAGGAATGACCATAGAG	100	1	CAATTCTTGACATATGCTTATTGTG	100	1	DBCBU1K13
879	DB_CBU1	K14	G1	DB_CBU1	K14	NA	CBU1569	CBU1569_BC-3	3	100	1	3	TCGTGTCAGGCAGGTTCCTCTAGAA	100	1	TTTGGTCGTTCCTCAGTGTTATTGC	100	1	DBCBU1K14
880	DB_CBU1	K15	G1	DB_CBU1	K15	NA	CBU1576	CBU1576_BC-1	3	100	1	1	TAAGCAAAAGGGATCTACGGATTAC	100	1	TTAACGTATTTTCCTTTTGTCTACA	100	1	DBCBU1K15
881	DB_CBU1	K16	G1	DB_CBU1	K16	NA	CBU1576	CBU1576_BC-2	3	100	1	2	ATACACGGAAACATATGTATTTATT	100	1	TAGTTAAAGGATTTCTCTAAGTAAT	100	1	DBCBU1K16
882	DB_CBU1	K17	G1	DB_CBU1	K17	NA	CBU1576	CBU1576_BC-3	3	100	1	3	AAGTACGACGTGTACAACTAAACGC	100	1	TTGTCTAAAATGCTAAAATAACTAG	100	1	DBCBU1K17
883	DB_CBU1	K18	G1	DB_CBU1	K18	NA	CBU1594	CBU1594_BC-1	2	100	1	1	CGAGCAGGCTCGCTAATCTTAAAAA	100	1	ACTTATAGTCGACTTACCAGGACTC	100	1	DBCBU1K18
884	DB_CBU2	D15	G1	DB_CBU2	D15	NA	CBU1594	CBU1594_BC-2	2	100	1	1	CGAACACAAACCACGGGAGTCTACA	100	1	ATGCAGGTCCTGTTAGGCGTTTATT	100	1	DBCBU2D15
885	DB_CBU1	K19	G1	DB_CBU1	K19	NA	CBU1599	CBU1599_BC-1	3	100	1	1	TATGTTAGTGCGAGTACACCATTAC	100	1	TATTATATGTATTTCATCCAGGTT	100	1	DBCBU1K19
886	DB_CBU1	K20	G1	DB_CBU1	K20	NA	CBU1599	CBU1599_BC-2	3	100	1	2	CGGGATTGCGGTCAAAGCACACTGG	100	1	ACTATTATCCTCCCATATTCGTCCG	100	1	DBCBU1K20
887	DB_CBU1	K21	G1	DB_CBU1	K21	NA	CBU1599	CBU1599_BC-3	3	100	1	3	CCCCCGAGGGCTCGCGCCGATGGCT	100	1	CATCCCTCGACGATCTGCCCATGATC	100	1	DBCBU1K21
888	DB_CBU1	K22	G1	DB_CBU1	K22	NA	CBU1607	CBU1607_BC-1	3	100	1	1	TAATGTTTCTGGGAGTCAAAGTAAC	100	1	GCCACTTTTAATATGGATCATTTGT	100	1	DBCBU1K22
889	DB_CBU1	K23	G1	DB_CBU1	K23	NA	CBU1607	CBU1607_BC-2	3	100	1	2	GCTAAGTGAGAGAAAGCCCACGATT	100	1	ATCCCGCGGTAATAATGCTTCGCGC	100	1	DBCBU1K23
890	DB_CBU1	K24	G1	DB_CBU1	K24	NA	CBU1607	CBU1607_BC-3	3	100	1	3	ACTTTATTGGCCGTCGAATACGCTA	100	1	ATGTTTAAACACTATTATGGTTTTG	100	1	DBCBU1K24
891	DB_CBU1	L01	G1	DB_CBU1	L01	NA	CBU1614	CBU1614_BC-1	3	100	1	1	GATCTCGCCGGACTACTTACACATA	100	1	GCACATGGTGGAATCCTCGTGTGTG	100	1	DBCBU1L01
892	DB_CBU1	L02	G1	DB_CBU1	L02	NA	CBU1614	CBU1614_BC-2	3	100	1	2	CGACCGTACCAAGAGAAGAAATTTC	100	1	TGGTTGATCCCGACTTGATATTGGT	100	1	DBCBU1L02
893	DB_CBU1	L03	G1	DB_CBU1	L03	NA	CBU1614	CBU1614_BC-3	3	100	1	3	ATAATCGAAATCCTTGTTTACGCGG	100	1	ATAGCGAGCCGTTGGGGTGCAGGGA	100	1	DBCBU1L03
894	DB_CBU1	L04	G1	DB_CBU1	L04	NA	CBU1620	CBU1620_BC-1	3	100	1	1	CATCGTGCTCGCGCAATGCCGATGA	100	1	TCGCCTCCTTTGCGCTTTTCACCTT	100	1	DBCBU1L04
895	DB_CBU1	L05	G1	DB_CBU1	L05	NA	CBU1620	CBU1620_BC-2	3	100	1	2	AAATATGTCCGGAGCATAATACTTT	100	1	TGGGGCTGAAGCCTAATCCGTGGGG	100	1	DBCBU1L05
896	DB_CBU1	L06	G1	DB_CBU1	L06	NA	CBU1620	CBU1620_BC-3	3	100	1	3	ATCTGTCATGTCGCAATCGAAGGTT	100	1	TTGGTCGAATTAATCATGTATTTGG	100	1	DBCBU1L06
897	DB_CBU1	L10	G1	DB_CBU1	L10	NA	CBU1636	CBU1636_BC-1	2	100	1	1	GAAGCACGAGTATCCTCACACAAAA	100	1	CCATCTACGCCGTAGAGGAAGCTGT	100	1	DBCBU1L10
898	DB_CBU1	L11	G1	DB_CBU1	L11	NA	CBU1636	CBU1636_BC-2	2	100	1	2	TCATGTTAGTGATAACCCAGGAAAA	100	1	TCCAAAACCGTTTTATAATCATTGG	100	1	DBCBU1L11
899	DB_CBU1	L12	G1	DB_CBU1	L12	NA	CBU1639	CBU1639_BC-1	3	100	1	1	CATGGGAACGCCTAATGGGCATCGT	100	1	CCAAAGATGTTGGGATGGGTTGCGG	100	1	DBCBU1L12
900	DB_CBU1	L13	G1	DB_CBU1	L13	NA	CBU1639	CBU1639_BC-2	3	100	1	2	CCTATCTGGCTTATTGCTTGCGTCC	100	1	TTATTGACTGTATGTAATGACTGTT	100	1	DBCBU1L13
901	DB_CBU1	L14	G1	DB_CBU1	L14	NA	CBU1639	CBU1639_BC-3	3	100	1	3	CATTACTTGGAGTAAAAGACGATCA	100	1	CCTATATTACCTCGAGGTTTCGGAT	100	1	DBCBU1L14
902	DB_CBU1	L16	G1	DB_CBU1	L16	NA	CBU1665	CBU1665_BC-1	2	100	1	1	GTTCTGTGTTTTCTACTTCTAGCGG	100	1	ATAACTAACGATTTATTGGAGTAAG	100	1	DBCBU1L16
903	DB_CBU1	L17	G1	DB_CBU1	L17	NA	CBU1665	CBU1665_BC-2	2	100	1	2	TCAAAGTACTACACTTTGGGAACAT	100	1	CGTTTGGCTAGTACTTGATATCAGA	100	1	DBCBU1L17
904	DB_CBU1	L18	G1	DB_CBU1	L18	NA	CBU1676	CBU1676_BC-1	3	100	1	1	AGTAATGTGTTAGCAACAGAAGTTG	100	1	TCAACATGTAGTCATTTGCGCTGGA	100	1	DBCBU1L18
905	DB_CBU1	L19	G1	DB_CBU1	L19	NA	CBU1676	CBU1676_BC-2	3	100	1	2	GCGAGACTTAGCCTTCCCATCCTGT	100	1	GATGTTTTGTCATTTGTGATTCTAT	100	1	DBCBU1L19
906	DB_CBU1	L20	G1	DB_CBU1	L20	NA	CBU1676	CBU1676_BC-3	3	100	1	3	ATTCTGTGCTATTCAATTAGTTTCG	100	1	ATTCGGACCATTTTTCTGGTTTGCT	100	1	DBCBU1L20
907	DB_CBU1	L21	G1	DB_CBU1	L21	NA	CBU1677	CBU1677_BC-1	3	100	1	1	GCTTTAAGTAGTCCATAGCCCCTTC	100	1	ATACACCTTTGCTTCCGGGTCTTTG	100	1	DBCBU1L21
908	DB_CBU1	L22	G1	DB_CBU1	L22	NA	CBU1677	CBU1677_BC-2	3	100	1	2	CCTATCTATCGCCCTGAAAGCGGTC	100	1	ATGATTTCTCGCAAAAATACTTCCG	100	1	DBCBU1L22
909	DB_CBU1	L23	G1	DB_CBU1	L23	NA	CBU1677	CBU1677_BC-3	3	100	1	3	TTTCAGCCCCTGTCAACCCATGGAA	100	1	TTACGGCGGTAACTAAGGAAATAAT	100	1	DBCBU1L23
910	DB_CBU1	L24	G1	DB_CBU1	L24	NA	CBU1685	CBU1685_BC-1	2	100	1	1	GCCAAATAGGCGGAACCAGAGAATT	100	1	AAAGTGAGCTTGGATAGTTCGCAGT	100	1	DBCBU1L24
911	DB_CBU1	M01	G1	DB_CBU1	M01	NA	CBU1685	CBU1685_BC-2	2	100	1	2	CAGATGTATATGATTCAAGTATAGG	100	1	GTAGATTGAGTTCGGTGGGCGGCTG	100	1	DBCBU1M01
912	DB_CBU1	M02	G1	DB_CBU1	M02	NA	CBU1686	CBU1686_BC-1	2	100	1	1	TTCAAGATAATGAGTTTTGTATGAA	100	1	TGATCGAGGAGCCTATCCCGATAAA	100	1	DBCBU1M02
913	DB_CBU1	M03	G1	DB_CBU1	M03	NA	CBU1686	CBU1686_BC-2	2	100	1	2	CTTAAGATAACCATTTACGGCTACT	100	1	CGAGATCATACGATTCCACATTCAT	100	1	DBCBU1M03
914	DB_CBU1	M04	G1	DB_CBU1	M04	NA	CBU1724	CBU1724_BC-1	3	100	1	1	TAGACAGCCGTAAGTACAAGATATG	100	1	AACTACTTTGGCAGCTTCGCGATTC	100	1	DBCBU1M04
915	DB_CBU1	M05	G1	DB_CBU1	M05	NA	CBU1724	CBU1724_BC-2	3	100	1	2	CCTCGGCGGGGGCCGAGATTTCGCA	100	1	GATACTGGATTCGCAGTGTGAATGC	100	1	DBCBU1M05
916	DB_CBU1	M06	G1	DB_CBU1	M06	NA	CBU1724	CBU1724_BC-3	3	100	1	3	CGATACAGACCCGAACGACGAGTTG	100	1	AGGTTCATCCTAGGCTATAAGTTAT	100	1	DBCBU1M06
917	DB_CBU1	M07	G1	DB_CBU1	M07	NA	CBU1751	CBU1751_BC-1	2	100	1	1	TCCCTGAATGTATAACACTGCGCTT	100	1	ATAATTCGGACCGCCCGTTGAATGC	100	1	DBCBU1M07
918	DB_CBU1	M08	G1	DB_CBU1	M08	NA	CBU1751	CBU1751_BC-2	2	100	1	2	ACTTCCCATATAGAATGCTCTACCA	100	1	CAATCCAATCGAGAATGGAGGACAC	100	1	DBCBU1M08
919	DB_CBU1	M09	G1	DB_CBU1	M09	NA	CBU1752	CBU1752_BC-1	3	100	1	1	CCACCCACGAATGGGATTACTCTGC	100	1	ACGCCCGGTTAAATAAGTTATTCGA	100	1	DBCBU1M09
920	DB_CBU1	M10	G1	DB_CBU1	M10	NA	CBU1752	CBU1752_BC-2	3	100	1	2	GTATCGGCTTCGCCCACCCAGCCGT	100	1	ATCTGTTGTGGTTAAATTTCCCCTG	100	1	DBCBU1M10
921	DB_CBU1	M11	G1	DB_CBU1	M11	NA	CBU1752	CBU1752_BC-3	3	100	1	3	TATGCCAGCGTGAGCGAGATACAGA	100	1	TATAACTACACTTTACCGGTGTCTG	100	1	DBCBU1M11
922	DB_CBU1	M12	G1	DB_CBU1	M12	NA	CBU1754	CBU1754_BC-1	2	100	1	1	CCTCAAACCCCGGCACTGACGGGCT	100	1	TAGAACTGGACTTCACTGTAACTGC	100	1	DBCBU1M12
923	DB_CBU1	M13	G1	DB_CBU1	M13	NA	CBU1754	CBU1754_BC-2	2	100	1	2	TGGCACTTGGTTTTTGTCGTGGATG	100	1	GCTGTGAGAGTCATGTTATTATTAC	100	1	DBCBU1M13
924	DB_CBU1	M14	G1	DB_CBU1	M14	NA	CBU1757	CBU1757_BC-1	3	100	1	1	CCTCTCGCCCGTGCTGTCCATAAAG	100	1	TGTGACGTAGCTTGGTTTCACGGCT	100	1	DBCBU1M14
925	DB_CBU1	M15	G1	DB_CBU1	M15	NA	CBU1757	CBU1757_BC-2	3	100	1	2	ACCTTACTGCACGCACTCAGGTATA	100	1	ACGAAACAAATCAATGGCACGAGTA	100	1	DBCBU1M15
926	DB_CBU1	M16	G1	DB_CBU1	M16	NA	CBU1757	CBU1757_BC-3	3	100	1	3	GCAGCCGATGACCCCCGGTTGTCGA	100	1	TTTTCCGTACACTCTCGGTTATGAA	100	1	DBCBU1M16
927	DB_CBU1	M17	G1	DB_CBU1	M17	NA	CBU1769	CBU1769_BC-1	3	100	1	1	TGACGAATCTGGGCTCAAGCCTATT	100	1	TTTTATTACAGGGATTCGTCCTGCC	100	1	DBCBU1M17
928	DB_CBU1	M18	G1	DB_CBU1	M18	NA	CBU1769	CBU1769_BC-2	3	100	1	2	TTCTAGGGGGCTCGAAGTTATAAAT	100	1	ACGACACTACGGACGCTTTGTCTAA	100	1	DBCBU1M18
929	DB_CBU1	M19	G1	DB_CBU1	M19	NA	CBU1769	CBU1769_BC-3	3	100	1	3	CGGGAAATCCGCCATAGGAAGGGAA	100	1	TTAACATTCGAACTGGGTTACGAGT	100	1	DBCBU1M19
930	DB_CBU1	M20	G1	DB_CBU1	M20	NA	CBU1776	CBU1776_BC-1	2	100	1	1	GAGAAAGGAGATGCGGACTTTTAAT	100	1	TCAAGTACTAGCGTACTTGCGATTA	100	1	DBCBU1M20
931	DB_CBU2	D09	G1	DB_CBU2	D09	NA	CBU1776	CBU1776_BC-2	2	100	1	1	TGCGGCAAAATATAGGACCCTAGTA	100	1	AAAGTTATAGACTTGGTTCTTGCTT	100	1	DBCBU2D09
932	DB_CBU1	M21	G1	DB_CBU1	M21	NA	CBU1780	CBU1780_BC-1	3	100	1	1	CTCAGCTGTTTGCCGCTCCATATGG	100	1	CACGAATGATTTGTATTCCACAGGA	100	1	DBCBU1M21
933	DB_CBU1	M22	G1	DB_CBU1	M22	NA	CBU1780	CBU1780_BC-2	3	100	1	2	AAAAAACTTGAAATCAAGCGCTTAA	100	1	CGTGCCTGTTTTATATGTGTAATAC	100	1	DBCBU1M22
934	DB_CBU1	M23	G1	DB_CBU1	M23	NA	CBU1780	CBU1780_BC-3	3	100	1	3	CTCGCCATACATGCCTATAGCGTAA	100	1	GTGTACTTACATATCTGCTCGGTGT	100	1	DBCBU1M23
935	DB_CBU1	M24	G1	DB_CBU1	M24	NA	CBU1789	CBU1789_BC-1	2	100	1	1	CTCTTTAGAAAGGTCGATGTCTAAC	100	1	CAATGGCATATGCTTCATGACATCA	100	1	DBCBU1M24
936	DB_CBU1	N01	G1	DB_CBU1	N01	NA	CBU1789	CBU1789_BC-2	2	100	1	2	GAACCTTAACATAAACCTTTTACGT	100	1	CATATCCTGCATTCTATATTACCGA	100	1	DBCBU1N01
937	DB_CBU1	N02	G1	DB_CBU1	N02	NA	CBU1790	CBU1790_BC-1	3	100	1	1	GACGCTCACACAGTGACCATACGGT	100	1	ATCTTCCAGACCGCACACCGGCTCT	100	1	DBCBU1N02
938	DB_CBU1	N03	G1	DB_CBU1	N03	NA	CBU1790	CBU1790_BC-2	3	100	1	2	CGGACTTGAAATAGAATCTTGAACT	100	1	TGCAGGTAGTGAATTTGAAAGCGTG	100	1	DBCBU1N03
939	DB_CBU1	N04	G1	DB_CBU1	N04	NA	CBU1790	CBU1790_BC-3	3	100	1	3	TCGATTGCTAACC	100	1	CGAGGTTCCGACCAATTTGGAGACA	100	1	DBCBU1N04
940	DB_CBU1	N05	G1	DB_CBU1	N05	NA	CBU1794	CBU1794_BC-1	3	100	1	1	CGAGAATTGTAGTGTATAAAAGTCT	100	1	GTAGACCTATAACGACGACCTCATG	100	1	DBCBU1N05
941	DB_CBU1	N06	G1	DB_CBU1	N06	NA	CBU1794	CBU1794_BC-2	3	100	1	2	CCGCAGCAAAAATTACTTAATAAAC	100	1	CGCTGTGCCGCTTACATCGTTATGT	100	1	DBCBU1N06
942	DB_CBU1	N07	G1	DB_CBU1	N07	NA	CBU1794	CBU1794_BC-3	3	100	1	3	GAGAAAGTGAACGTGACATAAACTG	100	1	GTTTGGTGATAAAGATCATATTAGA	100	1	DBCBU1N07
943	DB_CBU1	N08	G1	DB_CBU1	N08	NA	CBU1818	CBU1818_BC-1	3	100	1	1	CACACTTTCATTTACGACTGCCGCG	100	1	TCTTGATTGCGTAATTCCACTGGTA	100	1	DBCBU1N08
944	DB_CBU1	N09	G1	DB_CBU1	N09	NA	CBU1818	CBU1818_BC-2	3	100	1	2	GAAATATCATTAACACGGAGACGTT	100	1	ACCCGGGTGTCAGGAACCTTTCTAA	100	1	DBCBU1N09
945	DB_CBU1	N10	G1	DB_CBU1	N10	NA	CBU1818	CBU1818_BC-3	3	100	1	3	CAGAACCTTATCCAAAAAAATCAAA	100	1	TGGTTCCCTCTCCATTAGATTTTTT	100	1	DBCBU1N10
946	DB_CBU1	N11	G1	DB_CBU1	N11	NA	CBU1819	CBU1819_BC-1	3	100	1	1	TTACGTGATATAAAGCCTTTTGCAG	100	1	TCTAAACGACAATCCTTATTGTTAG	100	1	DBCBU1N11
947	DB_CBU1	N12	G1	DB_CBU1	N12	NA	CBU1819	CBU1819_BC-2	3	100	1	2	TAATATCTTAGTAACTTCATAGTTT	100	1	ATACTTAATCAATCTTTACGCGGAC	100	1	DBCBU1N12
948	DB_CBU1	N13	G1	DB_CBU1	N13	NA	CBU1819	CBU1819_BC-3	3	100	1	3	TTGGGCCCGCATACGGGGTCCCTTC	100	1	CAGGATTTGACGCGCTTCAAGTGGG	100	1	DBCBU1N13
949	DB_CBU1	N14	G1	DB_CBU1	N14	NA	CBU1823	CBU1823_BC-1	3	100	1	1	GTCGTAGCTTCCCTCCATTGGAGGC	100	1	AAGGCTCCTTCCCTACGCAAGATAC	100	1	DBCBU1N14
950	DB_CBU1	N15	G1	DB_CBU1	N15	NA	CBU1823	CBU1823_BC-2	3	100	1	2	ACACTAACGAGTCACCATGTAATAC	100	1	CGGCACAATTCGGTAGGTCCTTACC	100	1	DBCBU1N15
951	DB_CBU1	N16	G1	DB_CBU1	N16	NA	CBU1823	CBU1823_BC-3	3	100	1	3	TAAGTTTCAAGAGTTTGATAAACCG	100	1	CGAAGATGATAGGTGTGCTTTTTCT	100	1	DBCBU1N16
952	DB_CBU1	N17	G1	DB_CBU1	N17	NA	CBU1825	CBU1825_BC-1	3	100	1	1	ATAGCTTAGAGTATGATATGGTATA	100	1	TTGAAGTAATACGAAAAAGCTGTTA	100	1	DBCBU1N17
953	DB_CBU1	N18	G1	DB_CBU1	N18	NA	CBU1825	CBU1825_BC-2	3	100	1	2	TGAGTGTTCTGAAAAAAAACAAGAA	100	1	CTGCGCATCTTTTCCTTTATGAAGT	100	1	DBCBU1N18
954	DB_CBU1	N19	G1	DB_CBU1	N19	NA	CBU1825	CBU1825_BC-3	3	100	1	3	AACTAATGGCATTGCAGTAAATAGCT	100	1	ACTTTTCGCGACTCTGCATTGTAAC	100	1	DBCBU1N19
955	DB_CBU1	N20	G1	DB_CBU1	N20	NA	CBU1863	CBU1863_BC-1	3	100	1	1	TCGTGATTGTTTGGAAATGCAAACA	100	1	AACAAGAGTATACGAGTCTTAGCGC	100	1	DBCBU1N20
956	DB_CBU1	N21	G1	DB_CBU1	N21	NA	CBU1863	CBU1863_BC-2	3	100	1	2	TAATCCTAAATTTACTAGGCTTCCA	100	1	TTCTTGTGCCAAAGTGTTACGGTCG	100	1	DBCBU1N21
957	DB_CBU1	N22	G1	DB_CBU1	N22	NA	CBU1863	CBU1863_BC-3	3	100	1	3	TGTCACAACTAGCACCATAAAGATG	100	1	ATGGCATATTCTAGTATTAGGGTTT	100	1	DBCBU1N22
958	DB_CBU1	N23	G1	DB_CBU1	N23	NA	CBU1963	CBU1963_BC-1	3	100	1	1	ACCATAACACGGGTCGCATTACGAC	100	1	ACTGTCATGCAGGGATGGGCGGACG	100	1	DBCBU1N23
959	DB_CBU1	N24	G1	DB_CBU1	N24	NA	CBU1963	CBU1963_BC-2	3	100	1	2	AGCTCGGCGACGACTAGGCCCGTTC	100	1	AACATTTTGGCTGTCTTTATACCCT	100	1	DBCBU1N24
960	DB_CBU1	O01	G1	DB_CBU1	O01	NA	CBU1963	CBU1963_BC-3	3	100	1	3	AGGGCCAAAAAGAGTTTTAAGGTAC	100	1	GTTCATTGGTCTGAGTTGTAAGATT	100	1	DBCBU1O01
961	DB_CBU1	O02	G1	DB_CBU1	O02	NA	CBU2007	CBU2007_BC-1	3	100	1	1	TGGTAAATAAATATCGTCTAAGCCA	100	1	TTAAAAATACCAGAAACTTATATAA	100	1	DBCBU1O02
962	DB_CBU1	O03	G1	DB_CBU1	O03	NA	CBU2007	CBU2007_BC-2	3	100	1	2	TACGATTGCTCAATGATCTTATGAA	100	1	TGAGGACTAATGACTATCCTAATGC	100	1	DBCBU1O03
963	DB_CBU1	O04	G1	DB_CBU1	O04	NA	CBU2007	CBU2007_BC-3	3	100	1	3	TCCCTGTCCTAGCTAGCCCGGAGCT	100	1	TAGATTAATCTCATCCCCTTTCGGC	100	1	DBCBU1O04
964	DB_CBU1	O05	G1	DB_CBU1	O05	NA	CBU2013	CBU2013_BC-1	2	100	1	1	TTTATCATGGTACTACTTCACCAGA	100	1	GTTTAAGAAATGGATTTTGAAGATG	100	1	DBCBU1O05
965	DB_CBU1	O06	G1	DB_CBU1	O06	NA	CBU2013	CBU2013_BC-2	2	100	1	2	GCGCCCTAGCCTCTTTCTATAACCT	100	1	GACTGAGTGTCGATGTTCCCGTAGC	100	1	DBCBU1O06
966	DB_CBU1	O07	G1	DB_CBU1	O07	NA	CBU2016	CBU2016_BC-1	3	100	1	1	CTATCAATGCAGGAAAACTTATCGA	100	1	AACTTTGTGAGATATTTTCAGGTAA	100	1	DBCBU1O07
967	DB_CBU1	O08	G1	DB_CBU1	O08	NA	CBU2016	CBU2016_BC-2	3	100	1	2	ACTATGCGCGCGGCTCAGGGCTTTA	100	1	GTGGTGCCTGGGGTGAGCCGAGGTC	100	1	DBCBU1O08
968	DB_CBU1	O09	G1	DB_CBU1	O09	NA	CBU2016	CBU2016_BC-3	3	100	1	3	AAAGCCCTTAGACGCCCCTCACCGA	100	1	GAAATGATCCACACCTCTTTTATAT	100	1	DBCBU1O09
969	DB_CBU1	O10	G1	DB_CBU1	O10	NA	CBU2028	CBU2028_BC-1	3	100	1	1	CTCAACCCGACCTATAACTTCATTA	100	1	CGCATGGCGGCGAGGGGGGAGGATA	100	1	DBCBU1O10
970	DB_CBU1	O11	G1	DB_CBU1	O11	NA	CBU2028	CBU2028_BC-2	3	100	1	2	CTCTATGCTGCCAGGGTCCAAAACA	100	1	CGTCTGCAAGGAGCCGTCGTCTAGG	100	1	DBCBU1O11
971	DB_CBU1	O12	G1	DB_CBU1	O12	NA	CBU2028	CBU2028_BC-3	3	100	1	3	GCCTGCAGGTCAGTTAAAGGCCCAG	100	1	TCGAATTAATTGGACATTTTTCAGA	100	1	DBCBU1O12
972	DB_CBU1	O13	G1	DB_CBU1	O13	NA	CBU2052	CBU2052_BC-1	3	100	1	1	GCAATTTTCACTGACTTAGATACCC	100	1	TCTCTGATACACATGCACGATTTTT	100	1	DBCBU1O13
973	DB_CBU1	O14	G1	DB_CBU1	O14	NA	CBU2052	CBU2052_BC-2	3	100	1	2	TCTTAGTGAATAAAAGATAGCACAT	100	1	GTAATCAGATAGTGTGGGGTGTGGG	100	1	DBCBU1O14
974	DB_CBU1	O15	G1	DB_CBU1	O15	NA	CBU2052	CBU2052_BC-3	3	100	1	3	CGTACGACAGTTATTCTGAAAAAAA	100	1	TCTATGTTTACTACTTCTCCATTAG	100	1	DBCBU1O15
975	DB_CBU1	O16	G1	DB_CBU1	O16	NA	CBU2056	CBU2056_BC-1	3	100	1	1	CGCCTCGGCTCGTTAGTGCTTCCAC	100	1	CTCCATTTGTGATAGCACTGGGTAG	100	1	DBCBU1O16
976	DB_CBU1	O17	G1	DB_CBU1	O17	NA	CBU2056	CBU2056_BC-2	3	100	1	2	CGTCACTCTGCCGAGAACGTGATAA	100	1	TTCCAGAATCCTGGGTTCCATTATT	100	1	DBCBU1O17
977	DB_CBU1	O18	G1	DB_CBU1	O18	NA	CBU2056	CBU2056_BC-3	3	100	1	3	CTTGATCTGCGGGTTGCTAATGAGT	100	1	GCAGAGCGTCGCTCGCATTAACTTG	100	1	DBCBU1O18
978	DB_CBU1	O19	G1	DB_CBU1	O19	NA	CBU2059	CBU2059_BC-1	3	100	1	1	AACTAATAAATGGACCGTGTTCGAC	100	1	ACAGATTTTGGTAAACGACTTAGAT	100	1	DBCBU1O19
979	DB_CBU1	O20	G1	DB_CBU1	O20	NA	CBU2059	CBU2059_BC-2	3	100	1	2	GGTTTTAATGCTCGAACTTTCAATC	100	1	GGATCTGATTACGATGTATTGCAAT	100	1	DBCBU1O20
980	DB_CBU1	O21	G1	DB_CBU1	O21	NA	CBU2059	CBU2059_BC-3	3	100	1	3	ACAGATTATGCTACCTATCTTAATA	100	1	TTCAACTGAGCCTTTTTGTTTCCTA	100	1	DBCBU1O21
981	DB_CBU1	O22	G1	DB_CBU1	O22	NA	CBU2064	CBU2064_BC-1	3	100	1	1	TAGTCCTAAGCGAGGTGAAACAACG	100	1	GTTGCCTCTTGAGAATAGCTATGTG	100	1	DBCBU1O22
982	DB_CBU1	O23	G1	DB_CBU1	O23	NA	CBU2064	CBU2064_BC-2	3	100	1	2	GAAGTAAAGACTCTATGTGTAAAGT	100	1	CGTTTAATCTCCTCTCTACATATGT	100	1	DBCBU1O23
983	DB_CBU1	O24	G1	DB_CBU1	O24	NA	CBU2064	CBU2064_BC-3	3	100	1	3	AGGACGAGCCTCGGCTCACAGGAAG	100	1	CGCGAGAACAGTTTCTGGTTGTTTC	100	1	DBCBU1O24
984	DB_CBU1	P04	G1	DB_CBU1	P04	NA	CBU2078	CBU2078_BC-1	2	100	1	1	GCACATAACTAAAAATGGAAAGTGG	100	1	AATAGGTAGTGTTCTAAGATTGCT	100	1	DBCBU1P04
985	DB_CBU1	P05	G1	DB_CBU1	P05	NA	CBU2078	CBU2078_BC-2	2	100	1	2	ACAAATAGACGCCCTATCTCTTATA	100	1	TACCTTGTTATCTACCTACATTTTT	100	1	DBCBU1P05
986	DB_CBU1	P06	G1	DB_CBU1	P06	NA	CBU0360	CBU0360_BC-1	3	100	1	1	AAGGAGCGTGATCAAAACAGATGTA	100	1	AGACCCTCGTGTCGGAGGGAATAGG	100	1	DBCBU1P06
987	DB_CBU1	P07	G1	DB_CBU1	P07	NA	CBU0360	CBU0360_BC-2	3	100	1	2	CTTAAGGCTTTAAGCGGCAATCCAT	100	1	GGTTTTTATAGAACCTTTTCTTGAC	100	1	DBCBU1P07
988	DB_CBU1	P08	G1	DB_CBU1	P08	NA	CBU0360	CBU0360_BC-3	3	100	1	3	GGGCCCCTAATGACCTCCTTTTTGC	100	1	TTGTTGTATTCTTTTTCTTGCTTTT	100	1	DBCBU1P08
989	DB_CBU1	P09	G1	DB_CBU1	P09	NA	CBU0584	CBU0584_BC-1	3	100	1	1	CCTAACCGCCGCACCCGCCTGCGCC	100	1	TCGCTAACCGCTATGTTCTGACTCC	100	1	DBCBU1P09
990	DB_CBU1	P10	G1	DB_CBU1	P10	NA	CBU0584	CBU0584_BC-2	3	100	1	2	TCGATAGCGACACTGAACAGATGAA	100	1	TTTCTAAATTATTGACTTATTGGGT	100	1	DBCBU1P10
991	DB_CBU1	P11	G1	DB_CBU1	P11	NA	CBU0584	CBU0584_BC-3	3	100	1	3	CTGCTGCATTCATAACGTATTATGG	100	1	TCCGGTAAGGTTACTCTGGCCTGAT	100	1	DBCBU1P11
992	DB_CBU1	P12	G1	DB_CBU1	P12	NA	CBU0602	CBU0602_BC-1	2	100	1	1	AAGTAGTACTATGATACTATGTTAT	100	1	CTACTCTAATAGACTCATCGATTTA	100	1	DBCBU1P12
993	DB_CBU1	P13	G1	DB_CBU1	P13	NA	CBU0602	CBU0602_BC-2	2	100	1	2	GCGTCATATATTAGCTCACACAGAT	100	1	TTTACTTATGTCTTTGTTTATCCAA	100	1	DBCBU1P13
994	DB_CBU1	P14	G1	DB_CBU1	P14	NA	CBU0879	CBU0879_BC-1	3	100	1	1	CAACTGCCCTACCTAAGTCACACGT	100	1	ATATTCAAAGTAGCTTATGTATTTT	100	1	DBCBU1P14
995	DB_CBU1	P15	G1	DB_CBU1	P15	NA	CBU0879	CBU0879_BC-2	3	100	1	2	CCATACGCCCAGCACAAATCCTCTC	100	1	ATTAGATTCTGTTCGAATTCACTAC	100	1	DBCBU1P15
996	DB_CBU1	P16	G1	DB_CBU1	P16	NA	CBU0879	CBU0879_BC-3	3	100	1	3	GATCATCCCAATGAAAAGGGGGTAC	100	1	TTTCATTTTGTCGTATAAGTTCGCC	100	1	DBCBU1P16
997	DB_CBU1	P17	G1	DB_CBU1	P17	NA	CBU1209	CBU1209_BC-1	2	100	1	1	CTTGAGAACGCGTGCATACAACAGG	100	1	AGTATATTGTACCGGTGGGCCGGCG	100	1	DBCBU1P17
998	DB_CBU1	P18	G1	DB_CBU1	P18	NA	CBU1209	CBU1209_BC-2	2	100	1	2	GCCGTGAGCTTGCGAAAAAAAACTA	100	1	TTAAGAGTATAGATTTGAATGCAGT	100	1	DBCBU1P18
999	DB_CBU1	P19	G1	DB_CBU1	P19	NA	CBU1263	CBU1263_BC-1	3	100	1	1	CCACCATATTGACGAGCATAAAAAT	100	1	AGGACATACGGAACAGAATTAGCGG	100	1	DBCBU1P19
1000	DB_CBU1	P20	G1	DB_CBU1	P20	NA	CBU1263	CBU1263_BC-2	3	100	1	2	CGTGATGGAAGTCAAACAGGCCGGG	100	1	CACGCGGATTGATGTTTACTGATGT	100	1	DBCBU1P20
1001	DB_CBU1	P21	G1	DB_CBU1	P21	NA	CBU1263	CBU1263_BC-3	3	100	1	3	AGATTTGCGGTTGTGTACTGAATAG	100	1	ATGAGACTAATTTTTACGGTCTTTA	100	1	DBCBU1P21
1002	DB_CBU1	P22	G1	DB_CBU1	P22	NA	CBU1298	CBU1298_BC-1	3	100	1	1	AACCCTACCTCCGCATGGTTGATCT	100	1	GGCTAATATGCGGTCATTTGCAGGC	100	1	DBCBU1P22
1003	DB_CBU1	P23	G1	DB_CBU1	P23	NA	CBU1298	CBU1298_BC-2	3	100	1	2	GTGTATTACATGTAAGCTCATTGAA	100	1	CATACACAATCGAGTATGTTCTGAT	100	1	DBCBU1P23
1004	DB_CBU1	P24	G1	DB_CBU1	P24	NA	CBU1298	CBU1298_BC-3	3	100	1	3	TAAAGACCTCATATGGAACTCCGAA	100	1	TTCGCGTCATGTGGAGGGTGAAGAA	100	1	DBCBU1P24
1005	DB_CBU2	A01	G1	DB_CBU2	A01	NA	CBU1334	CBU1334_BC-1	3	100	1	1	AAGAATAGTTAACAATCTATGTAGACGGGCAAGAATTAA	100	1	AACCAGTTTTGTCTTCGTGTAAGAT	100	1	DBCBU2A01
1006	DB_CBU2	A02	G1	DB_CBU2	A02	NA	CBU1334	CBU1334_BC-2	3	100	1	2	AAAGGAGATTCAAATATGGTTCTAG	100	1	CCCGCAAGAAAATCGTTCATGGGGT	100	1	DBCBU2A02
1007	DB_CBU2	A03	G1	DB_CBU2	A03	NA	CBU1334	CBU1334_BC-3	3	100	1	3	ATCCAGTAGACTCAAGAACCCACCA	100	1	CCAACCCTTGTCTCAAGCTTCAAGG	100	1	DBCBU2A03
1008	DB_CBU2	A04	G1	DB_CBU2	A04	NA	CBU1452	CBU1452_BC-1	3	100	1	1	GCCAGATAAACCGCTCCCTAAACGG	100	1	ACTTACTTACCTGCTATACGTCCTT	100	1	DBCBU2A04
1009	DB_CBU2	A05	G1	DB_CBU2	A05	NA	CBU1452	CBU1452_BC-2	3	100	1	2	TGACACAAGAATGATGAGATTAGTG	100	1	ATGGTCTTTACCTCCTGTTCCATTA	100	1	DBCBU2A05
1010	DB_CBU2	A06	G1	DB_CBU2	A06	NA	CBU1452	CBU1452_BC-3	3	100	1	3	AATATAATTAATCACCAAAGAAATC	100	1	GGCGGTTTCACCAGATACATCATCC	100	1	DBCBU2A06
1011	DB_CBU2	A07	G1	DB_CBU2	A07	NA	CBU1533	CBU1533_BC-1	3	100	1	1	ACTAAAATCAGCATGTTCTTAGAAT	100	1	AACATTAGGTATAGCGTCGGCTTAC	100	1	DBCBU2A07
1012	DB_CBU2	A08	G1	DB_CBU2	A08	NA	CBU1533	CBU1533_BC-2	3	100	1	2	TCATTACGCAACACTCCTGGCTGAT	100	1	GCACAATCAATACCCGGTAAATACA	100	1	DBCBU2A08
1013	DB_CBU2	A09	G1	DB_CBU2	A09	NA	CBU1533	CBU1533_BC-3	3	100	1	3	CGAATTATCAAGAATACAATGAAGA	100	1	ATTACACGATCTAGGATCTATCTCG	100	1	DBCBU2A09
1014	DB_CBU2	A10	G1	DB_CBU2	A10	NA	CBU1560	CBU1560_BC-1	2	100	1	1	TTATGATACATGGTGAACCGGTTAT	100	1	TATCTGGAAGGAGATATAGGTATAC	100	1	DBCBU2A10
1015	DB_CBU2	A11	G1	DB_CBU2	A11	NA	CBU1560	CBU1560_BC-2	2	100	1	2	AAGAAAATCGGGAGCAGAAAATTAA	100	1	TTTCTCGCGGCGGCACGTGCAGTGA	100	1	DBCBU2A11
1016	DB_CBU2	A12	G1	DB_CBU2	A12	NA	CBU1619	CBU1619_BC-1	3	100	1	1	TAACGTACGAGGGTATCTTATGACT	100	1	CACGCCGGAGGTTAGTTACGTGATT	100	1	DBCBU2A12
1017	DB_CBU2	A13	G1	DB_CBU2	A13	NA	CBU1619	CBU1619_BC-2	3	100	1	2	ACTGGCGAAGTCCCTCAAACATTAA	100	1	TGGATAATAAATTCTGCGCACAAAA	100	1	DBCBU2A13
1018	DB_CBU2	A14	G1	DB_CBU2	A14	NA	CBU1619	CBU1619_BC-3	3	100	1	3	CAGCTCACTATTGAATGGGCTCTAC	100	1	TATTATAATATTTCTATTTTCCAGA	100	1	DBCBU2A14
1019	DB_CBU2	A15	G1	DB_CBU2	A15	NA	CBU1693	CBU1693_BC-1	3	100	1	1	GTATACGTTATAGAGACTGAACCC	100	1	TAATGAAAGATTTAATATCCGATGT	100	1	DBCBU2A15
1020	DB_CBU2	A16	G1	DB_CBU2	A16	NA	CBU1693	CBU1693_BC-2	3	100	1	2	AGGGAGAATTTGTAGCGCTCAATTC	100	1	GAATGTCCGGGACCATCGCTTGTAT	100	1	DBCBU2A16
1021	DB_CBU2	A17	G1	DB_CBU2	A17	NA	CBU1693	CBU1693_BC-3	3	100	1	3	CCGGCCTGGACCAGACTAAGCTGAG	100	1	ATTCTCTGATAGAGACACCAAGGGT	100	1	DBCBU2A17
1022	DB_CBU2	A18	G1	DB_CBU2	A18	NA	CBU1701	CBU1701_BC-1	3	100	1	1	TGGATATTCCACATCGATATAAACC	100	1	ATTCACCTTATCAACCCACACGAAA	100	1	DBCBU2A18
1023	DB_CBU2	A19	G1	DB_CBU2	A19	NA	CBU1701	CBU1701_BC-2	3	100	1	2	TCCGGCATTACTTGCACGACTATCG	100	1	ATCTTCTTTGTGGCGCTTCGAAGTG	100	1	DBCBU2A19
1024	DB_CBU2	A20	G1	DB_CBU2	A20	NA	CBU1701	CBU1701_BC-3	3	100	1	3	CAGGCAGGTGGCAACGCGTGACTGT	100	1	TATGCTCATTCAACTCTAATCGACG	100	1	DBCBU2A20
1025	DB_CBU2	A21	G1	DB_CBU2	A21	NA	CBU1806	CBU1806_BC-1	2	100	1	1	ATCGCGTTACCAACTCAACCATGCT	100	1	TGTCCGAAACGGTTGGTTAATACTA	100	1	DBCBU2A21
1026	DB_CBU2	A22	G1	DB_CBU2	A22	NA	CBU1806	CBU1806_BC-2	2	100	1	2	ACTGAAGTAAAGAACAATTTGCAAC	100	1	GTTACGACTTGAGTTCTAGAACCG	100	1	DBCBU2A22
1027	DB_CBU2	A23	G1	DB_CBU2	A23	NA	CBU2050	CBU2050_BC-1	2	100	1	1	ACGTAAATGATGAAAATAACCCATA	100	1	TAGACAAAGTTCCATCACAAGGTTT	100	1	DBCBU2A23
1028	DB_CBU2	D10	G1	DB_CBU2	D10	NA	CBU2050	CBU2050_BC-2	2	100	1	2	CGAGTCACGAAACAAATACGGAAAA	100	1	CATGAAAGATATGGTCGAGGTCAAT	100	1	DBCBU2D10
1029	DB_CBU2	A24	G1	DB_CBU2	A24	NA	CBU0321	CBU0321_BC-1	3	100	1	1	GACTACAACTTATTGAAAGGTGCGA	100	1	TTCTTGCTTGTTTTTTGTAGGATGT	100	1	DBCBU2A24
1030	DB_CBU2	B01	G1	DB_CBU2	B01	NA	CBU0321	CBU0321_BC-2	3	100	1	2	CGTTGGACCTCGATTCCAAAGGCTT	100	1	GCAGTTCACATGTAATTAGATTCAG	100	1	DBCBU2B01
1031	DB_CBU2	B02	G1	DB_CBU2	B02	NA	CBU0321	CBU0321_BC-3	3	100	1	3	CATGACTCTCTAACAGCCCACCGAA	100	1	CGGCATAAAAAAGACGGAATAAACG	100	1	DBCBU2B02
1032	DB_CBU2	B03	G1	DB_CBU2	B03	NA	CBU1622	CBU1622_BC-1	2	100	1	1	CGACACTACAAAAACACCGCCATAT	100	1	TGGTTATTTTCGCAAAGTCCGTTAG	100	1	DBCBU2B03
1033	DB_CBU2	B04	G1	DB_CBU2	B04	NA	CBU1622	CBU1622_BC-2	2	100	1	2	ATACATTGCGATGCAGAGGAAAATA	100	1	TCCCCGCCGTTTTTAATCTACCGAT	100	1	DBCBU2B04
1034	DB_CBU2	B05	G1	DB_CBU2	B05	NA	CBU1623	CBU1623_BC-1	3	100	1	1	GGCCGAGACAATAGGTTTACGCGAT	100	1	GGTAGCCGCTGTCGTCGATAGCCTT	100	1	DBCBU2B05
1035	DB_CBU2	B06	G1	DB_CBU2	B06	NA	CBU1623	CBU1623_BC-2	3	100	1	2	TCTTTCTCGCCGCCCCTCCCATACG	100	1	TCCCGCATTTCACATTATCCTGTAG	100	1	DBCBU2B06
1036	DB_CBU2	B07	G1	DB_CBU2	B07	NA	CBU1623	CBU1623_BC-3	3	100	1	3	GGTGATCAGCTAGTGCGGGACCGTC	100	1	TTGTTCGGTGATCATCATGTAGTTC	100	1	DBCBU2B07
1037	DB_CBU2	B08	G1	DB_CBU2	B08	NA	CBU1624	CBU1624_BC-1	2	100	1	1	TGAGTTAATACAGCATACATAGAAT	100	1	CCAGTACCTACTGAGTGGGGGGAAG	100	1	DBCBU2B08
1038	DB_CBU2	D16	G1	DB_CBU2	D16	NA	CBU1624	CBU1624_BC-2	2	100	1	2	TATTCGATTGCAAGTGATTTGTGGT	100	1	ACCCACGAAAGATCATTATCTGTGC	100	1	DBCBU2D16
1039	DB_CBU2	B09	G1	DB_CBU2	B09	NA	CBU1625	CBU1625_BC-1	3	100	1	1	TATTAACCTTTTTATTGCATGACCG	100	1	TTAACAGTTCCTATAGAATCTGTCT	100	1	DBCBU2B09
1040	DB_CBU2	B10	G1	DB_CBU2	B10	NA	CBU1625	CBU1625_BC-2	3	100	1	2	AATAATAAAGAAGCATGGATAAAGG	100	1	ACGCCTATTCTCAGATATTTTCATT	100	1	DBCBU2B10
1041	DB_CBU2	B11	G1	DB_CBU2	B11	NA	CBU1625	CBU1625_BC-3	3	100	1	3	TAAAACGTATGTGAAGAGCGTATGT	100	1	AAAAATTCCCTACCTCATTATTCTT	100	1	DBCBU2B11
1042	DB_CBU2	B15	G1	DB_CBU2	B15	NA	CBU1627	CBU1627_BC-1	3	100	1	1	TTTATTCGTGAAGTAAGTACATAAC	100	1	ATTAGACTTCTTATGTGCCCCTCAA	100	1	DBCBU2B15
1043	DB_CBU2	B16	G1	DB_CBU2	B16	NA	CBU1627	CBU1627_BC-2	3	100	1	2	TTAAAAATAGACTACTAGGTACGAA	100	1	TCGCTCACATGTCATATGAGTTATT	100	1	DBCBU2B16
1044	DB_CBU2	B17	G1	DB_CBU2	B17	NA	CBU1627	CBU1627_BC-3	3	100	1	3	CTTGACGTGCTTCCCCCTAAGCTAC	100	1	TGCTTAGGGGAAGTATTTCTTGTCT	100	1	DBCBU2B17
1045	DB_CBU2	B18	G1	DB_CBU2	B18	NA	CBU1628	CBU1628_BC-1	3	100	1	1	CCACCCCCTCATCCCGGCGATCGGATTGTTTTCACA	100	1	CTTTTAGAGGTGAAATGTGCATAGT	100	1	DBCBU2B18
1046	DB_CBU2	B19	G1	DB_CBU2	B19	NA	CBU1628	CBU1628_BC-2	3	100	1	2	GTTAGCATAGAAGAACGGAAGTACA	100	1	CGGCTCTATATATTTGTTACACCTA	100	1	DBCBU2B19
1047	DB_CBU2	B20	G1	DB_CBU2	B20	NA	CBU1628	CBU1628_BC-3	3	100	1	3	CTGGTCCAAATCTTATAACTATAGC	100	1	TTCCCTTATCGTTTTTCCGCCCG	100	1	DBCBU2B20
1048	DB_CBU2	B21	G1	DB_CBU2	B21	NA	CBU1629	CBU1629_BC-1	2	100	1	1	AGTATAGAATGTATGGTCTTGTCCT	100	1	GCAAACGTAGGCCTTTTGATTTATG	100	1	DBCBU2B21
1049	DB_CBU2	B22	G1	DB_CBU2	B22	NA	CBU1629	CBU1629_BC-2	2	100	1	2	CCCGTTTATTGCAAGTACGCCCCTA	100	1	TAACGCATTTGAGTCAAAGGATCGT	100	1	DBCBU2B22
1050	DB_CBU2	B23	G1	DB_CBU2	B23	NA	CBU1630	CBU1630_BC-1	2	100	1	1	TCACGAGGTTGTATCCATCTAGCGC	100	1	TATATTGATCGTTTCCTCATAGGTC	100	1	DBCBU2B23
1051	DB_CBU2	B24	G1	DB_CBU2	B24	NA	CBU1630	CBU1630_BC-2	2	100	1	2	GTACCGTGGGCCACAAGTAGTAAGG	100	1	CGTTACGACACATATTGGTTAGGAA	100	1	DBCBU2B24
1052	DB_CBU2	C01	G1	DB_CBU2	C01	NA	CBU1631	CBU1631_BC-1	3	100	1	1	GGATTACACGCAAATCCTTTCAGTG	100	1	GTCGATACCACCCCGGTTTGTTGTT	100	1	DBCBU2C01
1053	DB_CBU2	C02	G1	DB_CBU2	C02	NA	CBU1631	CBU1631_BC-2	3	100	1	2	AAACAGAGAGAAGTCTGTAAAGAAA	100	1	TTCAGGTCAATTTTCCACTATGTAT	100	1	DBCBU2C02
1054	DB_CBU2	C03	G1	DB_CBU2	C03	NA	CBU1631	CBU1631_BC-3	3	100	1	3	CAGACACACTCATTTAGTAAAAAGC	100	1	ATTCAACAAGCTTTAGTAGTTTTTT	100	1	DBCBU2C03
1055	DB_CBU2	C04	G1	DB_CBU2	C04	NA	CBU1632	CBU1632_BC-1	3	100	1	1	AGGCTGGTTTAGCGCGTTGTTCCAA	100	1	TACCTTATCACAATGATAACGTCTT	100	1	DBCBU2C04
1056	DB_CBU2	C05	G1	DB_CBU2	C05	NA	CBU1632	CBU1632_BC-2	3	100	1	2	ACAACCACCGGCCATAAGAGGGACA	100	1	ACAGTTTATTTTATTCCCCCCTATA	100	1	DBCBU2C05
1057	DB_CBU2	C06	G1	DB_CBU2	C06	NA	CBU1632	CBU1632_BC-3	3	100	1	3	CCGGCCAGACGAGCTAAAAAGGACA	100	1	AGTACTTTTGGGAATTCTAACATTG	100	1	DBCBU2C06
1058	DB_CBU2	C07	G1	DB_CBU2	C07	NA	CBU1633	CBU1633_BC-1	3	100	1	1	AAGGCTTGCAGGTTTCGATGAAAAG	100	1	TATTTCCTCCTCATACCATACTTTG	100	1	DBCBU2C07
1059	DB_CBU2	C08	G1	DB_CBU2	C08	NA	CBU1633	CBU1633_BC-2	3	100	1	2	CGGCCCCGTCTCTGACTAATTGGTC	100	1	CTCGGATGGTCTTCCATTGCTGCTT	100	1	DBCBU2C08
1060	DB_CBU2	C09	G1	DB_CBU2	C09	NA	CBU1633	CBU1633_BC-3	3	100	1	3	TACAATTACTCACCTTAGTGTCGAG	100	1	CGTCGTTCTTAAACTTTGCCAGATT	100	1	DBCBU2C09
1061	DB_CBU2	C13	G1	DB_CBU2	C13	NA	CBU1641	CBU1641_BC-1	2	100	1	1	TAGATACCCCCCGGGAGGATGCCAA	100	1	GTATCCGAGAGGATACCACTGTGTC	100	1	DBCBU2C13
1062	DB_CBU2	C14	G1	DB_CBU2	C14	NA	CBU1641	CBU1641_BC-2	2	100	1	2	AGAACTTATTATTATACACTAATTC	100	1	ACAGAAAGCCCATTTCGAACTTTAT	100	1	DBCBU2C14
1063	DB_CBU2	C17	G1	DB_CBU2	C17	NA	CBU1643	CBU1643_BC-1	2	100	1	1	ATAGAAATCAAATTAATTTATGAAT	100	1	CATAACCCCAAAAGTATTACAAGAA	100	1	DBCBU2C17
1064	DB_CBU2	C18	G1	DB_CBU2	C18	NA	CBU1643	CBU1643_BC-2	2	100	1	2	GCAACGTCTAAATATCACGAAAAT	100	1	CCTTACTTGTGTCTACGTGATTCTT	100	1	DBCBU2C18
1065	DB_CBU2	C19	G1	DB_CBU2	C19	NA	CBU1644	CBU1644_BC-1	2	100	1	1	AAACTCCCTATAAGTCTACAGTTCA	100	1	TTTGGTAATGTTTATAAGCTGAGTT	100	1	DBCBU2C19
1066	DB_CBU2	C20	G1	DB_CBU2	C20	NA	CBU1644	CBU1644_BC-2	2	100	1	2	CCTACGGTCAAGATTGCGCGCCACC	100	1	TTAGTGTAACTTCAGTGCATCTGAG	100	1	DBCBU2C20
1067	DB_CBU2	C24	G1	DB_CBU2	C24	NA	CBU1648	CBU1648_BC-1	3	100	1	1	AACAGGCCTAGGCGTAGGTTGTTTT	100	1	ATAGTATATTTTTGATACTAAAGAA	100	1	DBCBU2C24
1068	DB_CBU2	D17	G1	DB_CBU2	D17	NA	CBU1648	CBU1648_BC-2	3	100	1	2	CGCTTCAAACACTAAGTGCAGTGAC	100	1	AAGCAGATTTACGACTGTGTTTCGT	100	1	DBCBU2D17
1069	DB_CBU2	D18	G1	DB_CBU2	D18	NA	CBU1648	CBU1648_BC-3	3	100	1	3	CCGAGGGGCAGGTCTGCGGGACCTC	100	1	GATCATTTTATCGGTTTCGCCGCCT	100	1	DBCBU2D18
1070	DB_CBU2	D01	G1	DB_CBU2	D01	NA	CBU1649	CBU1649_BC-1	3	100	1	1	GGTCAAATGCTGATGAACGGCCAGA	100	1	TGTGGGTACTCCGTATGATAAATAG	100	1	DBCBU2D01
1071	DB_CBU2	D02	G1	DB_CBU2	D02	NA	CBU1649	CBU1649_BC-2	3	100	1	2	GCTCAACTTGATCCACCGTAGGTGA	100	1	TGACTGATACGCTTATGTTGGAAGG	100	1	DBCBU2D02
1072	DB_CBU2	D03	G1	DB_CBU2	D03	NA	CBU1649	CBU1649_BC-3	3	100	1	3	TGACACGTTCGCTTAGGCACGAGAC	100	1	TGCATTTGGTGGTATTAAAGGTTGC	100	1	DBCBU2D03
1073	DB_CBU2	D06	G1	DB_CBU2	D06	NA	CBU1652	CBU1652_BC-1	2	100	1	1	TAACCTATGTACATTGGAATACCGA	100	1	CAACTTTACCATCTATGTTAATGGC	100	1	DBCBU2D06
1074	DB_CBU2	D07	G1	DB_CBU2	D07	NA	CBU1652	CBU1652_BC-2	2	100	1	2	TGCTCCATGCAATCGTTAGTTCGAT	100	1	GATATTCGCCTGAAGAAAAA	100	1	DBCBU2D07