AD,PRS,ADPRS01,CBU0637,BC1,ADCBU1F16,CACGAGTCGATGTTGGTATTGGTGA,TTAATTATGCGACTACAATTTAATG
AD,PRS,ADPRS01,CBU0637,BC2,ADCBU1F17,ATGCTCCCGATGACCCTAACTAGAA,GAAGTAGAATAGATGTATCATTAGA
AD,PRS,ADPRS01,CBU0637,BC3,ADCBU1F18,CATTATGAGTAAAGGCAAATGATTA,CCATACTCTTGTCTGGGACACCGGT
AD,PRS,ADPRS02,CBU1642,BC1,ADCBU2E02,GTTAACTAAACTGTTACCCAAAGAC,GTTTGATATGTTGGCGCTTTACTTG
AD,PRS,ADPRS02,CBU1642,BC2,ADCBU2E03,AGGGTCTATACGATTGAGTGGTAG,TGTGTAAGCCCGCTTAATCTGTACG
AD,PRS,ADPRS03,CBU1650,BC1,ADCBU2E12,GACCAACGAAGACATCTGTGCAAGA,ACGGGTTGCTGAATAGGATCTGTT
AD,PRS,ADPRS03,CBU1650,BC2,ADCBU2E13,CGATAATTAGAGATTTTCAAGATAC,TACATGGGTTCTGTAACTCAGTGGT
AD,PRS,ADPRS03,CBU1650,BC3,ADCBU2E14,ATAAAATAATGAATAGAAGGCAACC,CGTATTGGCTAAGAACCCTAATTTT
AD,PRS,ADPRS04,CBU1645,BC1,ADCBU2E19,ATGGACGAGTTGAATTTCATATTAT,TCCACGATCACGTTAATCTTTTATT
AD,PRS,ADPRS04,CBU1645,BC2,ADCBU2E20,CTAGATCGAAAACATCACCGAACAG,TGAGGTGGGTTGGACAGTTGGGGGG
AD,PRS,ADPRS04,CBU1645,BC3,ADCBU2E21,TCTTCCCTTTAACTTATAGTTTAAT,AGAGAGTAGATCAGAGGGTAGGCGG
AD,PRS,ADPRS05,CBU1634,BC1,ADCBU2D17,CATGTAGAACACTGCCAAGAATTAC,TTTTTTTGACTTTATCGAGCTTATT
AD,PRS,ADPRS05,CBU1634,BC2,ADCBU2D18,TAATCGAACTCTATGAGAAAGAATG,ATGTGGTGCCCTAGCTCAGAAGATG
AD,PRS,ADPRS05,CBU1634,BC3,ADCBU2D19,TTATGTCCACAAAGACCAATCTAAT,TACTTAGGCATTTCACGTAGAATAA
AD,PRS,ADPRS06,CBU1634a,BC1,ADCBU2D20,CATCCTATTGCAGGTCTTTTGTACT,TTGCCATTCTTGGACTGAATGTTAT
AD,PRS,ADPRS06,CBU1634a,BC2,ADCBU2D21,GTGATAGTGCTGTGCAAACTGGGAT,CGAGTTGTATATTAAATGTTTATCA
AD,PRS,ADPRS06,CBU1634a,BC3,ADCBU2D22,AAGACAAAAGGTAGAAATGCATATA,ATGCTTACGATGTAATTTAACCAGA
AD,PRS,ADPRS07,CBU1626,BC1,ADCBU2C20,AACCGAAAGTTAAATGAGAGAAACT,TTTTGTAGATCGGCTTTTTCATTAT
AD,PRS,ADPRS07,CBU1626,BC2,ADCBU2C21,GAGGGGGTACTTAAAATAACCGGAG,AGAATTATGATGAACACCAACAAAG
AD,PRS,ADPRS07,CBU1626,BC3,ADCBU2C22,GCGTTACCCAATTGCGCACAGTAAG,ACCTTCAGGCTTAATGCAATCCGGG
AD,PRS,ADPRS08,CBU2076,BC1,ADCBU2A02,CTATCAAAACGGTGGGGAAACAATT,TCAGAAGCATTCTTCTCCCTTTGCA
AD,PRS,ADPRS08,CBU2076,BC2,ADCBU2A03,CATCTACGGTGGTACACACTCCACA,ACAATCACCGCGTTAGGGGCTGCGT
AD,PRS,ADPRS08,CBU2076,BC3,ADCBU2A04,TTGCAGCTCCGAAATGTTTATCCGT,ATAGACTTAACGCGTTATGGGCATA
AD,PRS,ADPRS09,AP2B1,BC1,ADPlatinum4B13,ATATTAATGACTTCAAAAATAAAGG,AGTGATTTCAGGTTTTTATGGCTTC
AD,PRS,ADPRS09,AP2B1,BC2,ADPlatinum4B14,TCTATTCTTTTGGTCCTTCAGTGAC,TACGAGCCGGGAGGTCAAGGCGAAA
AD,PRS,ADPRS09,AP2B1,BC3,ADPlatinum4B15,AAGTGTTTCTCAGTAGAGGAACATA,GGGCCAAAACTTTACTAACTCTCTG
AD,PRS,ADPRS10,ARL2BP,BC1,ADPlatinum4B01,TTATCCTAGTAAGACAACGGAGACC,ACTCCATATAATACACTTATGACAG
AD,PRS,ADPRS10,ARL2BP,BC2,ADPlatinum4B02,CAATGACCGAAATCCATGTGAGTTA,TAGGATTCTTGCTAATGGTAGGATC
AD,PRS,ADPRS10,ARL2BP,BC3,ADPlatinum4B03,CTAAAGAATAGAGGAATTCATACCC,TATGTTACCGAAGCATTGGCAGAGG
AD,PRS,ADPRS11,BIK,BC1,ADPlatinum3J22,GTTCGTAGCGAAGACTAAAGGCTCT,TGAGATGGCTGAGGTGAGCACGACT
AD,PRS,ADPRS11,BIK,BC2,ADPlatinum3J23,AATACCACAGAATATGTAATTGAAT,AGGTAACGTTGAAATACATGGGGGC
AD,PRS,ADPRS11,BIK,BC3,ADPlatinum3J24,TCCCCCAGTGGAACCAAAAGTAATC,TTTCATAAATGGATATTACCTGCAT
AD,PRS,ADPRS12,BNIP3L,BC1,ADPlatinum3P03,TGCCCTTGCGGAGCCCGCGCGTACG,TTTTCTCGAATTCTAATGGGAACGC
AD,PRS,ADPRS12,BNIP3L,BC2,ADPlatinum3P04,GTTTTGACGCATAAGTCAGGTCCAA,AGACTTTACTTCAATGGAGATATTT
AD,PRS,ADPRS13,CNOT7,BC1,ADPlatinum4B16,TGAAGAAATAGATCTGACCAGGTGA,ATTTCCTAGTGGTAAGCAGACGTT
AD,PRS,ADPRS13,CNOT7,BC2,ADPlatinum4B17,ATTCTGTCATACGTGGTAATCATGA,CCGTAGGTTCTTTAATAGTGTCTTA
AD,PRS,ADPRS14,CDK4,BC1,ADPlatinum3N21,ATGGTAAGTAATACCATACTAAATA,ACATATCAGTACTCCAAACCGCCTG
AD,PRS,ADPRS14,CDK4,BC2,ADPlatinum3N22,TAGTTTAGCGTAGTTCCAGAGATAA,GTCTCGTAGCTGTCCTTAAGGTGTC
AD,PRS,ADPRS14,CDK4,BC3,ADPlatinum3N23,TCCTCTATCAAATGAAAAATCGAGA,TACAGATTCATCAATGGATAGAGGA
AD,PRS,ADPRS15,CCND3,BC1,ADPlatinum4B04,ACTTCGTCTACCAGATATGGAAAGG,CCACATCTTTATTCACAAGGGCGAA
AD,PRS,ADPRS15,CCND3,BC2,ADPlatinum4B05,TGCCCAAGGGTGGGAACCTCCTTAC,CGTTTCACTGGAATCAGACCAAGTG
AD,PRS,ADPRS15,CCND3,BC3,ADPlatinum4B06,ACCCGCCCTGCAATTCTGGCGGGTT,CTTCGCCTAGCATTATTTCATTTTG
AD,PRS,ADPRS16,CDKN2D,BC1,ADPlatinum4B20,CTAGTAAAAAGGCTTACAACGTCAG,GTGATAAGTCCGTGTAGCCGGATTG
AD,PRS,ADPRS17,CEP55,BC1,ADPlatinum4B10,AATCTCAGAGTCACGGGAACTGACC,AAGGTGAGTGAACCTGTGTACTTGC
AD,PRS,ADPRS17,CEP55,BC2,ADPlatinum4B11,ACCCGACCGCACCCCGACGGAAACT,CTGAGATATTAGAGGGATAAGCAAT
AD,PRS,ADPRS17,CEP55,BC3,ADPlatinum4B12,AAAGGCCAGGTGTTAGGCAATCGTA,TTTATTCTTATCCTGATACTGTTCC
AD,PRS,ADPRS18,EXOSC5,BC1,ADPlatinum4A21,GACTGTTCTTGAACGATCTGAACAA,ATCAAGAATAGCTAGGGTCTAGGCT
AD,PRS,ADPRS18,EXOSC5,BC2,ADPlatinum4A22,GCCCGCTAATAATTTAAGTAAAGTG,AACTCGGAGGCCGGTAAATCGCCTT
AD,PRS,ADPRS18,EXOSC5,BC3,ADPlatinum4A23,ATGCTCGTGTATTCGAAATAAACAA,TAATTGCAATCATAACATATATTTT
AD,PRS,ADPRS19,IKZF1,BC1,ADPlatinum4B07,TAAGCTTACACTGCACAATAAGTCA,CTAGCTGTTTTATTTGTTATTTTAA
AD,PRS,ADPRS19,IKZF1,BC2,ADPlatinum4B08,GTACGAGACTTCAACTAGTAGGTAG,AATTGTGGTTTTTTCAGTTAGCGCT
AD,PRS,ADPRS19,IKZF1,BC3,ADPlatinum4B09,TGTACATGAGCGTTTAAACGATCTA,GTCTCCGCAAACATAATTTACATAA
AD,PRS,ADPRS20,LSM3,BC1,ADPlatinum3M13,AAAGGCACGAGGAACTGAGACGATT,CTATATTAAATTTTAATTGACTTAT
AD,PRS,ADPRS20,LSM3,BC2,ADPlatinum3M14,TAATAGACGATATGCTTAACCTTAT,GGCTATACAACCTGAACTATACGAA
AD,PRS,ADPRS20,LSM3,BC3,ADPlatinum3M15,ACCGTTCCCCGCATCTCCGTACCCA,CGGTTGATTGTAGCTGGCGAACGAA
AD,PRS,ADPRS21,MORF4L1,BC1,ADPlatinum3J20,TTCGGATCGCCCACCGCGCCTGGCT,ACCGTTCTGGGTATTAAATGAGGGT
AD,PRS,ADPRS21,MORF4L1,BC2,ADPlatinum3J21,ACCACAACATTTAACACCTCCCAGA,AAAAGGAGATGGGACCCAACACATT
AD,PRS,ADPRS22,MRFAP1L1,BC1,ADPlatinum3O05,AAGTATTGAATGGTTGTATTGTATG,TTTACCGGATCTCCAGCAGTCTTTG
AD,PRS,ADPRS22,MRFAP1L1,BC2,ADPlatinum3O06,TGATAGCCGAACGTGCATGTCAAAA,TTTAGCAGCTGTGTCTCTGTGACAC
AD,PRS,ADPRS22,MRFAP1L1,BC3,ADPlatinum3O07,ACCGCCCCCGCAACCCGGCTGACTT,ATGAATTGAATGTTCCAAACTTTGG
AD,PRS,ADPRS23,PSMC2,BC1,ADPlatinum3M10,AAGGCCTCCGAAATGTAATAATGAT,TCGCCAAAAATGCGAGTGAAGCTAT
AD,PRS,ADPRS23,PSMC2,BC2,ADPlatinum3M11,CGCTATTGAGATTCCTATCCAGCAC,GCGGTCAAAGGCTAGGCCGTGGGCA
AD,PRS,ADPRS23,PSMC2,BC3,ADPlatinum3M12,TTCAACAATTGGGAGATATGAATGC,ACCATGGATGTCGCTATTCTTTATA
AD,PRS,ADPRS24,PSMD2,BC1,ADPlatinum3O24,GACTATGGAGATAACTGCTTCGAAC,AAACCGTCCTGTGATCGCATGGAAA
AD,PRS,ADPRS24,PSMD2,BC2,ADPlatinum3P01,AGATTTGCGGTTTAGCAGGTCACGT,GTAACATCAGCAGCGTGAAAGCGCT
AD,PRS,ADPRS24,PSMD2,BC3,ADPlatinum3P02,CCTATTAGTTTTCCAATTTCCTTTT,ACTGATGCGATGTAAGCAAAGATCT
AD,PRS,ADPRS25,S100A1,BC1,ADPlatinum3P18,TTTTAAGTCACTAGAGTTGTTACGG,GATCCAAAAGTTATTTTCAGCTACA
AD,PRS,ADPRS25,S100A1,BC2,ADPlatinum3P19,AAATTAGTCTGATAGCGCTACGGTC,AAAATTCAATTTACAATATAAATTA
AD,PRS,ADPRS25,S100A1,BC3,ADPlatinum3P20,GGTTGCCAAAGAAGACACAAATATG,CTGATAGAGTGTCTACCTATAGTGT
AD,PRS,ADPRS26,SH3GLB2,BC1,ADPlatinum3H24,ACGCAATGGTGTATTCAGTTTATAA,CACTGGACAGGGCGCCGGGGTGGGT
AD,PRS,ADPRS26,SH3GLB2,BC2,ADPlatinum3I01,GAGTTCGGTGTACTTCAAAGTAACT,TTGGCCCCCTTTTCATTAATGTATA
AD,PRS,ADPRS26,SH3GLB2,BC3,ADPlatinum3I02,AAATCTTCCTCGTGTGCGACGTTAA,CATTGTCTGACCTCCCAGTGCATGA
AD,CBU,ADCBU01,CBUA0006,BC1,ADCBU1A01,AAAGCGTACCCCTTTGTGTCTGTCT,CCGAAGCTTACCGGTTGTGGCATTT
AD,CBU,ADCBU01,CBUA0006,BC2,ADCBU1A02,TCAACCGTTTCGAATTAAGAAACAA,GTATTTTGATTCTACGTTCGTCTTG
AD,CBU,ADCBU01,CBUA0006,BC3,ADCBU1A03,CGCGTCCGTCCCTTCGCCGATGGGA,CTATGTCGTTACGAATTAGGGCGGG
AD,CBU,ADCBU02,CBUA0013,BC1,ADCBU1A04,TGGAATCATGGTGCAAATTGTATAA,TGATGGGCCGGACCGGCGATGAGCT
AD,CBU,ADCBU02,CBUA0013,BC2,ADCBU1A05,CATTCTTCGTCCCCCCCACCCCCGC,AACAGGGTGGGTGTGGCGCGGCCGA
AD,CBU,ADCBU03,CBUA0014,BC1,ADCBU1A06,TTGTCGAGGCCCTCTGTTCTTGATA,CAGGTAGATTCACGAAGTACGCGAC
AD,CBU,ADCBU03,CBUA0014,BC2,ADCBU1A07,CTATTTAATAAGTGTTCTCGGTGAG,GACTTTGGGCATTGTTTCCCGGTTC
AD,CBU,ADCBU03,CBUA0014,BC3,ADCBU1A08,GATGGTTGTTTAGATTGAGCGTCAA,AACATCGGCAGCAAGCGCAAAGGTT
AD,CBU,ADCBU04,CBUA0015,BC1,ADCBU1A09,ATAACGAAGCCACCTGCTGAACTGG,AGTAATAGGTACCTAGTAGCTCGAT
AD,CBU,ADCBU04,CBUA0015,BC2,ADCBU1A10,GACAACCCGTACTGCGGGCCAAAAA,AAGGTCAATAGTCGAAATAGTTCCG
AD,CBU,ADCBU04,CBUA0015,BC3,ADCBU1A11,AATTTAAATCATCATTAAACTTTAA,GGATCCTTTAATAGCAAATAAAAAT
AD,CBU,ADCBU05,CBUA0016,BC1,ADCBU1A12,AATCAAACTTGACGGAATAATATCC,TTGTTCAGTATCCCCAAGCTATGTA
AD,CBU,ADCBU05,CBUA0016,BC2,ADCBU1A13,ATCCTGTGCTATTTCTGCGCTACAA,CAGGTCACATCATCCTTACTGCTTA
AD,CBU,ADCBU05,CBUA0016,BC3,ADCBU1A14,CCTAAACGGAAAACCAGTCCGTATT,AAGTTTTCATGATTGTCGTGCCCCG
AD,CBU,ADCBU06,CBUA0019,BC1,ADCBU1A15,TATTAATGACCCATAGGTACCCAAC,ACTTGATCATTTAACCTGAAGATGG
AD,CBU,ADCBU06,CBUA0019,BC2,ADCBU1A16,AGTGACGAATTGTCACGGATACTGC,ATGCTGCATCGCAATTTAGGCTTTA
AD,CBU,ADCBU06,CBUA0019,BC3,ADCBU1A17,GATCTCAAAAATACTGAATACGAAC,CAAAACTCAGCTTGTTAATACTTCA
AD,CBU,ADCBU07,CBUA0020,BC1,ADCBU1A18,TAGTAATGTTTAATGAATCAGAGAC,ATGTGATTGTCTCAAGGTACTTCTC
AD,CBU,ADCBU07,CBUA0020,BC2,ADCBU1A19,CAAGAAAGAAAATAAAGAGAGTCAA,AGCCCTAGGATCTAGAGTGTGAAGC
AD,CBU,ADCBU07,CBUA0020,BC3,ADCBU1A20,TAGTTAATGAGGGCCACATAAATTT,TTCCCGGCTGTACGGAGGAGGATCT
AD,CBU,ADCBU08,CBUA0023,BC1,ADCBU1A21,ATCCAGTGACTCTGACAAGTGTGGC,GAGAGAAAAGGCTGCGTTGGGTGGA
AD,CBU,ADCBU08,CBUA0023,BC2,ADCBU1A22,AAGAATCAGCACGATATTAGGTCCG,CACTTGCAACTTGATTTGCACACCC
AD,CBU,ADCBU08,CBUA0023,BC3,ADCBU1A23,TAGATACAGACCGACATTCGTATTG,AGCTTCAATATTTTAATAGTTTGAT
AD,CBU,ADCBU09,CBU0012,BC1,ADCBU1A24,TGCTTATACATCAGATTTAGAGCGG,GTTTTGGCTCACATCCACACGACGG
AD,CBU,ADCBU09,CBU0012,BC2,ADCBU1B01,GAATACGACAGATCCGGTCGGGACG,CACCAGTTAGGCCGCCCATCCGGAC
AD,CBU,ADCBU09,CBU0012,BC3,ADCBU1B02,AAATAAAACAACTCCATCGTACTGT,TTGGTTAGGCCATCACCCTTGCTAG
AD,CBU,ADCBU10,CBU0021,BC1,ADCBU1B03,ACGGGGACGATACATTATCATGAAA,GATATCCTGTTCGTTGTCTTTAAAC
AD,CBU,ADCBU10,CBU0021,BC2,ADCBU1B04,TCAACCGTTTCTTGGTTTAACAAAT,CATTCATCTTTTGCGGACACCAAGT
AD,CBU,ADCBU10,CBU0021,BC3,ADCBU1B05,AACTCTTCACGTCCTATCCAACCCC,TGGGAGGATATCTTGTACTGCATTC
AD,CBU,ADCBU11,CBU0041,BC1,ADCBU1B06,TTTGAGCAGCAGTATTGCGTCCAAT,TATGGGTTTCGAAAATTAGTGCAGT
AD,CBU,ADCBU11,CBU0041,BC2,ADCBU1B07,AAAGATAAGCCGAGAATAATATGGA,TGGTGCGACGATGCGAAAAAGGGGA
AD,CBU,ADCBU11,CBU0041,BC3,ADCBU1B08,GCGGGAACGAAGCTTTGAGCCGGAG,TCAGCTCCGTAATCCATGGTAGAGT
AD,CBU,ADCBU12,CBU0062,BC1,ADCBU1B09,CCTATTAGTTTTCCAATTTCCTTTT,ACTGATGCGATGTAAGCAAAGATCT
AD,CBU,ADCBU12,CBU0062,BC2,ADCBU1B10,AAAAGCTATATTTTGTTATTTCAAT,TTATCAAAATGTGCAGCCGTTTC
AD,CBU,ADCBU12,CBU0062,BC3,ADCBU1B11,TGATTCCGCAGAAGTAATTACCACA,TGAGTGCCCACATGCCAGCATTACA
AD,CBU,ADCBU13,CBU0069,BC1,ADCBU1B12,GACCCTGGAATATAAGACAACTACT,CTAGCCAGTATGAGTGCAAGGCGCT
AD,CBU,ADCBU13,CBU0069,BC2,ADCBU1B13,CGCGTAAAAATAGAGCAATCCAGGG,TCTCTAAAACTTCAAATTTTAAAAA
AD,CBU,ADCBU13,CBU0069,BC3,ADCBU1B14,CTTGCGATTGATAGGCGCGGAGGGA,GCCAAGGGTGATATAGCCGTATTTA
AD,CBU,ADCBU14,CBU0071,BC1,ADCBU1B15,CGCATTATCAACTCGCTCAAATCGA,AAATTTATCCTGCGCATACGGCTGG
AD,CBU,ADCBU14,CBU0071,BC2,ADCBU1B16,ATAAGATTCCGTAACATAGTAGCTG,ACCTTAAACGGCGTTTAAGTACAGA
AD,CBU,ADCBU14,CBU0071,BC3,ADCBU1B17,CCCGATGTAGCCGTCTCGCCCAAGC,TCATCATGTCCGAGTCGGGTATCAC
AD,CBU,ADCBU15,CBU0072,BC1,ADCBU1B18,CACAAGATTCGTCATGCCATATAAG,ATTTTATGTAGCTTCAGATGCTTAA
AD,CBU,ADCBU15,CBU0072,BC2,ADCBU1B19,TGTGCTTACACCTGTCACACAGCAG,GTTTTTCGGAACACCGTGCCCGGT
AD,CBU,ADCBU15,CBU0072,BC3,ADCBU1B20,CTAAATGATCGAGCAAAAGAATACG,ATGCCCGAATTTTGCTAAGCTATCG
AD,CBU,ADCBU16,CBU0077,BC1,ADCBU1B21,AAGCAAAAACAATCACGAGTGATAC,TGCTCGCTTTAATAGTTCTATATTG
AD,CBU,ADCBU16,CBU0077,BC2,ADCBU1B22,GTGGACGCAACTGGCTTCACACGGA,ATACGTTAATTGTCAACTTCCATGA
AD,CBU,ADCBU16,CBU0077,BC3,ADCBU1B23,AGATGGACCTATACCCGACACTATT,GACTGTCTCCTCCATAGAATGCACA
AD,CBU,ADCBU17,CBU0080,BC1,ADCBU1B24,AAAAACCCAAAACGCAATCCCCGGA,GGGCCGGGAAGTTAGTGAGATTTGA
AD,CBU,ADCBU17,CBU0080,BC2,ADCBU1C01,TTTAAAGGTTCTGGTTTTCACTACT,CAATACGAATGCGCTCCATTTAAAG
AD,CBU,ADCBU17,CBU0080,BC3,ADCBU1C02,GCCGTGCGCCCCGGATTATAACTTTCGGAAA,GGTCTCTCTGCCGCGGGGCTCGTGG
AD,CBU,ADCBU18,CBU0113,BC1,ADCBU1C03,TGGCACGTTGACCATTAATAACGTG,TCATGCTAAACAGTACCGTAGTGTC
AD,CBU,ADCBU18,CBU0113,BC2,ADCBU1C04,ATTGACCAAACTAAATTCGAAAGGT,AAGGAGGCATAGGGACAAGCACGAGCACTCCGTTCGT
AD,CBU,ADCBU18,CBU0113,BC3,ADCBU1C05,GACAGGTCCGGACTAAATGCAACCC,TTTTGAATAACTAGTTGTACTACTA
AD,CBU,ADCBU19,CBU0122,BC1,ADCBU1C06,GGTGTATGCAGGTAAAATGTTACAT,CGGTTAGTTCTACTCGTTTACAACT
AD,CBU,ADCBU19,CBU0122,BC2,ADCBU1C07,GTGGGAAGCCCAGCAATAAAATAAG,AATTCGTGATGGTGGTTTAGTTCAG
AD,CBU,ADCBU19,CBU0122,BC3,ADCBU1C08,TAATTTCGGAAGCATGACAAAGTTA,TCCGTGATTGGGTTGGAAAGGGGAA
AD,CBU,ADCBU20,CBU0129,BC1,ADCBU1C09,AACCCCAAGAGTCAAAAGCAGTAAC,GGATATAGTGGCTATCTAAGGTATT
AD,CBU,ADCBU20,CBU0129,BC2,ADCBU1C10,AGAGTCCAAGAGTCCATGCCAGGAA,AATTAGAAGCTTTTCATTTTCACTA
AD,CBU,ADCBU20,CBU0129,BC3,ADCBU1C11,CCCGGCCCCAATGGGAAAAAATCTC,TTTATCAGACCTCTTAGTGGTATGA
AD,CBU,ADCBU21,CBU0144_0145,BC1,ADCBU1C12,TAAAGGTCGCGACGGATCAGCCTTT,ATCGTTCATTGGGGTTCGATAATGA
AD,CBU,ADCBU21,CBU0144_0145,BC2,ADCBU1C13,TAAACCAAGAATGGTATTCAAACAA,GGTCTGAATCAGATTCTGGTCCCGT
AD,CBU,ADCBU21,CBU0144_0145,BC3,ADCBU1C14,CGACAGAAAACTGAGCCCGATTGTG,GGGATATTTAGTTGAGCCGACCTGA
AD,CBU,ADCBU22,CBU0175,BC1,ADCBU1C15,CATTATACACCTTATTCAACTAACG,GGAGATCATCTCTATTAGTTCATGT
AD,CBU,ADCBU22,CBU0175,BC2,ADCBU1C16,GAGTGCAGAATAGGGCGGATGGTAG,TGTTTCGACTCCAACGTGACGGGGC
AD,CBU,ADCBU22,CBU0175,BC3,ADCBU1C17,CCAGATTTACCATCAGCCGCCCGTG,AAATGGTCCACAGTTTTGGTCGTCT
AD,CBU,ADCBU23,CBU0183,BC1,ADCBU1C18,TATACTTCAACGGTCCGCTTAACCT,TTAATAATGGGGCAGTCTATCTGAT
AD,CBU,ADCBU23,CBU0183,BC2,ADCBU1C19,ACCTGACAAGACGACCGCATCTGAA,CGCCATTTGTGAGACTATCACACTT
AD,CBU,ADCBU24,CBU0201,BC1,ADCBU1C20,GCTGAGGATCTAACTAAGACTATAC,ACTTGCGCACACCCCAAAGACTTCT
AD,CBU,ADCBU24,CBU0201,BC2,ADCBU1C21,TGAACGTAAGGCGTATTTGGGCTTG,ACGGATTCCGTAAGTGGTCTATTAC
AD,CBU,ADCBU24,CBU0201,BC3,ADCBU1C22,CCTTATAGACTTAGAACCACGAAAC,GTTAGCGTCTCAATGGAATCCCGGC
AD,CBU,ADCBU25,CBU0212,BC1,ADCBU1C23,TTCTTCTACGATCACTACAGAATCA,CTCACCGACTTTCAGCTCCTAATGT
AD,CBU,ADCBU25,CBU0212,BC2,ADCBU1C24,GTACGCGCACCAATCGGAGATGTCC,CAGTTTAACTTGGGCTGTTTAAAGG
AD,CBU,ADCBU25,CBU0212,BC3,ADCBU1D01,AGACACCGAACGACTAATGAAGAGA,ACAATCTTCAAAATAGACTCCTTTA
AD,CBU,ADCBU26,CBU0270,BC1,ADCBU1D02,GGCATGGAAACTCCAGGTAAGTTGC,GTATTTGTAATTGTATTCTATTGCC
AD,CBU,ADCBU26,CBU0270,BC2,ADCBU1D03,GCCCATGTACAATGTCTACGCACGC,TAAGTACCGGCTGCCTTTTAAGCAC
AD,CBU,ADCBU26,CBU0270,BC3,ADCBU1D04,TATACCCAGTGCGAGGTACAAGAAG,AAGTTATATCAGTATGAAGGTCGCT
AD,CBU,ADCBU27,CBU0295,BC1,ADCBU1D05,CATTCACTAATTCGCTACCTATTGA,GATCGCCAATTCTGATTGTAATTT
AD,CBU,ADCBU27,CBU0295,BC2,ADCBU1D06,TCATTTAATAATGAAGCAGGTTCAA,GGTTCATACTCATATGGGTAAATCG
AD,CBU,ADCBU27,CBU0295,BC3,ADCBU1D07,TTCTGGACCTTCTCTTGGCCAAGAA,CTTTAGCTTATTTCCCCGGTGTTAG
AD,CBU,ADCBU28,CBU0329,BC1,ADCBU1D08,CCCCCGGCGCCGTAACTAGTTTATA,TAAAGTTAATTATGATTGTTTATCG
AD,CBU,ADCBU28,CBU0329,BC2,ADCBU1D09,CCCCATCAAGGTTCAAATAGGTAAT,AGATCTTCCAAGAGTCAAAGTCTTA
AD,CBU,ADCBU28,CBU0329,BC3,ADCBU1D10,AAATGGGTACATCCCAACATGGAAT,ATTTCGTTGATCCTACTACAATAGT
AD,CBU,ADCBU29,CBU0344,BC1,ADCBU1D11,CGCTCTTCCTGCCCTCGTCAACGCT,GAATGTGGTTGGACGCCGAGAGTTT
AD,CBU,ADCBU29,CBU0344,BC2,ADCBU1D12,TAGTTATAAGTTACTCTTGTATTCG,GGGGTTAAGCCTGCGGCGGTGCCCG
AD,CBU,ADCBU29,CBU0344,BC3,ADCBU1D13,AAGAATTAAACAGCAGCTGTATTTA,ACTATGGTCACTTATAACATATTCT
AD,CBU,ADCBU30,CBU0372,BC1,ADCBU1D14,AGCTCGAATCACTGTTTGCCATGAA,GGTTTCAAGTCGCGTGGAGTCATAT
AD,CBU,ADCBU30,CBU0372,BC2,ADCBU1D15,TGAAGGGATAATGAAATCAATAGAG,ATAGACCTCGGGAACTTGGGCTACT
AD,CBU,ADCBU30,CBU0372,BC3,ADCBU1D16,AATGGCGTTAGGAATTGTACAAGAA,TCGCTTACTTATCATTATCTCTGGG
AD,CBU,ADCBU31,CBU0375,BC1,ADCBU1D17,AATTACCCGGGGAGGACGCGACACG,TATACTCTATCGGACAATGTTTCAG
AD,CBU,ADCBU31,CBU0375,BC2,ADCBU1D18,GATCCCACCGTAATCTCTACTGTTC,GTCGCTGGTATACTAACATTCATTG
AD,CBU,ADCBU31,CBU0375,BC3,ADCBU1D19,AGTCACTCAAAATAACTAAGGAATA,GGTAGGACGAGATTTGGTGCTATTG
AD,CBU,ADCBU32,CBU0376,BC1,ADCBU1D20,CGATTCTATAAAAAAGAACCAATGC,GACGACCAGTTTGTAACTAGAATT
AD,CBU,ADCBU32,CBU0376,BC2,ADCBU1D21,CGATCCGACCGTGTGCCAGAGAAAA,TCAACTTAATCTCGGGTCAGTACTC
AD,CBU,ADCBU33,CBU0388,BC1,ADCBU1D22,CTAGAATGCTTGAATACGAGAAACT,CGCATGCTGATGCAACCCCGGGAAC
AD,CBU,ADCBU33,CBU0388,BC2,ADCBU1D23,GTTTCGGTTATTGTACTAAAGGGGA,GGGCACCCGGGCGAGGTGCGGGGCC
AD,CBU,ADCBU33,CBU0388,BC3,ADCBU1D24,ACCGTCTTGGCTTGTTTTATAGCAA,GGCGAAACTGCTCCGACTAGGTGGC
AD,CBU,ADCBU34,CBU0393,BC1,ADCBU1E01,GGTACATAGCCTCGCATATATATTA,AAGTGCCTGTCAGGTCCACCTGGTA
AD,CBU,ADCBU34,CBU0393,BC2,ADCBU1E02,CCTCCTTTTGTTATGTCATAACGTC,CCTGAGAATTCACCAGGCCTTTAGT
AD,CBU,ADCBU34,CBU0393,BC3,ADCBU1E03,CAACTTTTAATCTGAAATCAATTCC,ATTTTGACTCGCAAATAGCCAGATA
AD,CBU,ADCBU35,CBU0410,BC1,ADCBU1E04,CGCGCTTACAACGATCTGTATTAAA,GAATGCCACATGCCAGTCCAGTTGT
AD,CBU,ADCBU35,CBU0410,BC2,ADCBU1E05,GACTATAACGATAAACTGTACGTCT,TTTATCGAGTCGCTCCCTATTTTAA
AD,CBU,ADCBU35,CBU0410,BC3,ADCBU1E06,CTCGCGTCTGCCAGCCTAATATCCC,ATATGTGCATTTTAATGTAACGTAG
AD,CBU,ADCBU36,CBU0414,BC1,ADCBU1E07,GATGTACTTCGTAGGCACCAGGAAG,TGGCAATGTATTTAAATACCATACG
AD,CBU,ADCBU36,CBU0414,BC2,ADCBU1E08,TTCACTTACAGTCACATGTGTACAT,TTTCTCATGTCTCGCGTACAACGTA
AD,CBU,ADCBU36,CBU0414,BC3,ADCBU1E09,AATTTTGTAATTAACTATTTAGGGG,GTTTATAGACGTGTGCGTCGGGGGT
AD,CBU,ADCBU37,CBU0425,BC1,ADCBU1E10,TATGACAACGGTTCTAACTTGAATC,TTATGTTCTTCGTTTTTGTGTAAAG
AD,CBU,ADCBU37,CBU0425,BC2,ADCBU1E11,TAGATGAAGTAAAACTACATCCAGA,AAACCTTTATTGTCCATTGTTAAAA
AD,CBU,ADCBU37,CBU0425,BC3,ADCBU1E12,CCACCGCAAAATAACTATAGAGAAA,TATTGATTCGTAGCTTACAGATCTG
AD,CBU,ADCBU38,CBU0447,BC1,ADCBU1E13,GCTAGACACAAACATCGGTAAACAC,GGCATCGTAAAAGTTTCGCTTTCCG
AD,CBU,ADCBU38,CBU0447,BC2,ADCBU1E14,AACGAATACATAAACTATCGTGTAT,CTCATAAGTTATGTATCAGTGTTTG
AD,CBU,ADCBU38,CBU0447,BC3,ADCBU1E15,CTCTTATAGTAAGCCAGTCTAGTAC,TTCTCATTTTTCCGTAATCAGGCAT
AD,CBU,ADCBU39,CBU0469,BC1,ADCBU1E16,CGCCGGGCCTGGGAGAGACAGACTC,TCATAATATATGATCTTCCACTTTC
AD,CBU,ADCBU39,CBU0469,BC2,ADCBU1E17,AAAAATTTGCAGAATCGAAAGTAGA,TATATCGCTTACAATTGCTGCTGAT
AD,CBU,ADCBU39,CBU0469,BC3,ADCBU1E18,GTGGATTATCATGCGTCATGAACAA,CGCGAATGATGCTTCAAGATGCTAA
AD,CBU,ADCBU40,CBU0513,BC1,ADCBU1E19,CGCCTTCCTGGCACAGAGAGAAATA,CTATAAAGGCCATCGTAGTTTAGC
AD,CBU,ADCBU40,CBU0513,BC2,ADCBU1E20,TTGTGTATTTTATGTACGATAAATA,TATGTATGTGTAAGAGTCCATTATT
AD,CBU,ADCBU40,CBU0513,BC3,ADCBU1E21,CGTAGTATTATAAGTGAAAGAAGAA,GGATTGGGTCAAATTGTCTCTATTA
AD,CBU,ADCBU41,CBU0534,BC1,ADCBU1E22,TGCATTTAGACCAATAGATTAAACA,CTACAGGACCCATATACGTCGTTAT
AD,CBU,ADCBU41,CBU0534,BC2,ADCBU1E23,ATTCCATGGAATCGTGATATCAGTG,TAATTCCTCTATGTTGTTCTCCATC
AD,CBU,ADCBU41,CBU0534,BC3,ADCBU1E24,CGGAACACATCCATATTATAGGCGT,GTAGCTGTGGCTCGCCATCTTGTAG
AD,CBU,ADCBU42,CBU0590,BC1,ADCBU1F01,CGGTACGAACACACTACTTCATAAA,TCTTGTCCACTCCTGATCTCTGTCT
AD,CBU,ADCBU42,CBU0590,BC2,ADCBU1F02,CCCTAATTTTCCTTCCCGCGCAGTT,ACAGTTATTCTTTGCTGAGAATGA
AD,CBU,ADCBU42,CBU0590,BC3,ADCBU1F03,GCTGGGCTCCGTAATCCCACAGGGA,TCAAGCGCCATTAAAGTAGTAGCTC
AD,CBU,ADCBU43,CBU0600,BC1,ADCBU1F04,AGTACCAAAGCACGAAGGTTCAACC,CACTGATCTGATCTGTGCGTGGATA
AD,CBU,ADCBU43,CBU0600,BC2,ADCBU1F05,CTCCACACTAAAATAATGAATATTG,TGAATGGATATCACTTCAGCTTAAT
AD,CBU,ADCBU43,CBU0600,BC3,ADCBU1F06,CCAAATAAGACACAAGGAAATGCGC,TCCCGTAAAGTAAAGACAAGTACAG
AD,CBU,ADCBU44,CBU0606,BC1,ADCBU1F07,TGAAGACCCCCATAAGACTATATAG,CTCGATGTAGTGGTTTGCCCTCGTG
AD,CBU,ADCBU44,CBU0606,BC2,ADCBU1F08,ATATGTGTTGCTATGGAACTACCGT,ACAGGATTTATTCTGTCTCCAGTTG
AD,CBU,ADCBU44,CBU0606,BC3,ADCBU1F09,CAACCCACAGCCGCCCGTCCAGCCA,AGTTCCCGGCCCAGCGTCAGTTCTT
AD,CBU,ADCBU45,CBU0626,BC1,ADCBU1F10,TGCTGACCTACCCTCACTCCCGAGA,TTTTAAATTTATGTCATACGCGCCC
AD,CBU,ADCBU45,CBU0626,BC2,ADCBU1F11,AATGTCGGAAAATTCATATAACGCC,GATCGTGACGCCTCGTTCAGCATTG
AD,CBU,ADCBU45,CBU0626,BC3,ADCBU1F12,CGCCGGGCACGTCAAATTCCAGTTT,ATTAGATTATTAACTGATTATTTCG
AD,CBU,ADCBU46,CBU0635,BC1,ADCBU1F13,GACATTCTAAGCAGAATGTATTTTC,TATGGCAACGTAGCATGTAGTCTTG
AD,CBU,ADCBU46,CBU0635,BC2,ADCBU1F14,CTACGCGGCTTACCCGGACGTTATT,ATAGTAAAACTTGTGGGCCGGCGCG
AD,CBU,ADCBU46,CBU0635,BC3,ADCBU1F15,GTTAAAAGATCTCAAGCCTACAGTT,GGAATCACGACTTAGTAGCCGCTAA
AD,CBU,ADCBU47,CBU0665,BC1,ADCBU1F19,TCATACGTATTAATTCGATAAAGAA,AAGTTCCTAAAGACTGTAGACCTTT
AD,CBU,ADCBU47,CBU0665,BC2,ADCBU1F20,GACTACTGAAGTGTCACCATATTAT,TGATTTGTATTCTTTGCGCCAATGA
AD,CBU,ADCBU47,CBU0665,BC3,ADCBU1F21,CATGTTTACAACCAGTGCGAAGAAA,TACAGTAATTTAGCGCATCCTTAGC
AD,CBU,ADCBU48,CBU0773,BC1,ADCBU1F22,AATCTTGGAATGAATTCTACAATAT,TATGAAAATTCGGGCAGATCCACTC
AD,CBU,ADCBU48,CBU0773,BC2,ADCBU1F23,GTTTACATCAGTCGGCTGAACCTCC,CTTGCTGTTGTCAGCGTGTTTAGTT
AD,CBU,ADCBU48,CBU0773,BC3,ADCBU1F24,AGTTGGCCCAGAATGGGTTGGTCTA,AACATCGCATGCCATTATCTAATTA
AD,CBU,ADCBU49,CBU0781,BC1,ADCBU1G01,AGACTAATCAGATGAAAAGCTTTGA,TTGCCTACTCATCCACATTGTGTGT
AD,CBU,ADCBU49,CBU0781,BC2,ADCBU1G02,TTAATATCTTAGGTACTAGCAAGCG,TATACTTGAATCTTATATTTTGTTA
AD,CBU,ADCBU49,CBU0781,BC3,ADCBU1G03,AATTTAACTTACTTAACACGTAAGA,TAATACTTAAGATGCTTAGAATATT
AD,CBU,ADCBU50,CBU0794,BC1,ADCBU1G04,ACTAGTAGATTAATTCGAGTCG,TCGTCAAAACTCCCTTGTATGGTCG
AD,CBU,ADCBU50,CBU0794,BC2,ADCBU1G05,TTAAATGGGAGTGGAGCTATAATCG,CTATATTTTTTATGCACTTGTTCAC
AD,CBU,ADCBU50,CBU0794,BC3,ADCBU1G06,TACCAACCATCAGAGGCATTTCGCT,TATGCACGGGTACCTAGCCTTGATC
AD,CBU,ADCBU51,CBU0801,BC1,ADCBU1G07,ACTTAGGATAAACCCCTGAGGGCGC,AATATTAAACTGATTAGTATTTGAG
AD,CBU,ADCBU51,CBU0801,BC2,ADCBU1G08,ATTCTTCATATTATTAATTTGGATA,ATACAAATTGACGTCTTCTTAGTTG
AD,CBU,ADCBU51,CBU0801,BC3,ADCBU1G09,CAGTGAATCAAGCAGTAAAACTAGC,TTGTTTGAATCACAGTATGATACGC
AD,CBU,ADCBU52,CBU0814,BC1,ADCBU1G10,CTGAATTAACAAACACGCACTGCC,AATATTCATGACGCACCCACGGTGT
AD,CBU,ADCBU52,CBU0814,BC2,ADCBU1G11,AAATAAGAGACCAAAAGTACGAACA,TTTTAGCCATTAGTTGCACCGACCG
AD,CBU,ADCBU52,CBU0814,BC3,ADCBU1G12,CATGTAAAAAACGACCGAACGGGCG,TCAAAATTATAACTCTTCAGAAATT
AD,CBU,ADCBU53,CBU0881,BC1,ADCBU1G13,CCGACTTTCCAGGTTCAACCCGCCA,GCTTTACAGGGGATATCACTTGAAT
AD,CBU,ADCBU53,CBU0881,BC2,ADCBU1G14,TTCTGTGTTTTTTTAGCAAAAAGGA,GTCGGCCGCCGTGGACATGCGGAGG
AD,CBU,ADCBU53,CBU0881,BC3,ADCBU1G15,ATATATCGATTCGAGACTAGGGTAA,GTGCTGGTAATTTTAGCCCCCGGGC
AD,CBU,ADCBU54,CBU0885,BC1,ADCBU1G16,GAAGAGCATTATCAGAGATAACAAC,TGCCGTCTTTTAAGTTGGCTTTTGC
AD,CBU,ADCBU54,CBU0885,BC2,ADCBU1G17,CCTGGGTAACTTCGACATTAAAAAA,AACAAAAAAGTGAATGTCATCTCGG
AD,CBU,ADCBU54,CBU0885,BC3,ADCBU1G18,GAGACCAAAAATTACACCTATAAAA,AATGTTGGATGTCGTGTTGGCACTA
AD,CBU,ADCBU55,CBU0937,BC1,ADCBU1G19,CGGCGCGTTCATATAAGATTACAGA,TAACCCCCTGTCATGTGTGGCACCT
AD,CBU,ADCBU55,CBU0937,BC2,ADCBU1G20,TTTCACCCAAAGGGAAGAGTCGATA,AACGCGAAGGATTTACACCACTCGG
AD,CBU,ADCBU55,CBU0937,BC3,ADCBU1G21,CGAATAATCGAATAGAAGCCAGGGC,CTTATTACGGTTACACGCAATAGCG
AD,CBU,ADCBU56,CBU0978,BC1,ADCBU1G22,CGAACCACAAATGCGTCATGTAATT,AGTGATGTAGGCTTTGTCGGGGTGG
AD,CBU,ADCBU56,CBU0978,BC2,ADCBU1G23,TGCATCGTGACCGCCGATATGAGGAT,TTCTGTAGGAGGCGCAGCGCCGGGC
AD,CBU,ADCBU56,CBU0978,BC3,ADCBU1G24,ATCAAAATCGTGGCTTAACATTATT,AAGCGGTTAACGGTCACTAGTTGGA
AD,CBU,ADCBU57,CBU1025,BC1,ADCBU1H01,TTCAGAAACAGTCATCACTAGCGGC,TGTCTCCTGAGCGGTGGTGTACAAG
AD,CBU,ADCBU57,CBU1025,BC2,ADCBU1H02,CCAACCTAGAAACCTATGGATAATG,AGTCACGGTGAGGTGGAAAACATGT
AD,CBU,ADCBU57,CBU1025,BC3,ADCBU1H03,GACCTACCCAGAAGGGGCAATGGTA,CGGCATCCCTGGTTGTGTTAATCTA
AD,CBU,ADCBU58,CBU1045,BC1,ADCBU1H04,TGGACCTAAGAAATGGGTAGGCTGC,TACTACAGCATCTCCTTGTAATCAT
AD,CBU,ADCBU58,CBU1045,BC2,ADCBU1H05,CCGCTGACATCATTCTAAAGGTATG,GCCATTCACAGGTTGGTGAAATTAA
AD,CBU,ADCBU58,CBU1045,BC3,ADCBU1H06,CCAGAATGATTTCCAAATCAGATCG,GGTTATTTCTTATATCGGGATGCCA
AD,CBU,ADCBU59,CBU1079,BC1,ADCBU1H07,ATATAAAACAGACAAAACTCTCTTT,CTGTTTCTTCGTTTGCGTACCCTTC
AD,CBU,ADCBU59,CBU1079,BC2,ADCBU1H08,CAGTAAATCGAAAATTGAAATAAGT,GCCAGTATTTGGCTATGACGATAAG
AD,CBU,ADCBU59,CBU1079,BC3,ADCBU1H09,AGTGGGTACCATAATCCAATATTAT,TTACAATATATATTACTGATCGGTC
AD,CBU,ADCBU60,CBU1102,BC1,ADCBU1H10,ACTAAATATTTTAAAAGTACGTAAA,GCCACGAGACCGTCTCATTAAACTA
AD,CBU,ADCBU60,CBU1102,BC2,ADCBU1H11,TACGATGGTCAAGGCAATCGGTACA,CCAGTAACTATCTTTAAGTATTCTC
AD,CBU,ADCBU60,CBU1102,BC3,ADCBU1H12,GGCAGGGACGTCTATAATAAGTACA,ATTCGGCAATAAAATGGGTCATATG
AD,CBU,ADCBU61,CBU1107,BC1,ADCBU1H13,TAAATAATATGCCGGGCGTAAGGCA,CCCGCCGGGAGCAATTGAGGGTGAT
AD,CBU,ADCBU61,CBU1107,BC2,ADCBU1H14,ATTCATAAGAATACACTGGCGCCCC,TTAATTGTTTCCCCACATTATTACT
AD,CBU,ADCBU61,CBU1107,BC3,ADCBU1H15,ACGGGACGCTGCTGAAGGATCTCCG,GCCCCAGATGGTGAATTTAGTTTAC
AD,CBU,ADCBU62,CBU1108,BC1,ADCBU1H16,TTCAAGAACGTATGAACACGAAAGC,GTGATCTTAAAATAGTCTTTCTAAT
AD,CBU,ADCBU62,CBU1108,BC2,ADCBU1H17,CCCTACGGGCAATAACATATCTCCA,ATAGTTAAGCGAGGTAGCGGTTGGC
AD,CBU,ADCBU62,CBU1108,BC3,ADCBU1H18,CCGTGTGGAGGATTCGGGTAGAAAG,TCACTCGTAAAATGGGGCCCGATAG
AD,CBU,ADCBU63,CBU1110,BC1,ADCBU1H19,TAACCGCCTTAAAGTGCTAGACATT,AAGTAAGCCTCGTTGACTGTGGACC
AD,CBU,ADCBU63,CBU1110,BC2,ADCBU1H20,GACCAAACAAGATACATCTCTATTG,ATCTTTCAATGTAAGTCACTCTACT
AD,CBU,ADCBU63,CBU1110,BC3,ADCBU1H21,CATTGTGAGAACCAAACCTACACTA,GTTTTTTGTGCGTAGCTTCAATAGA
AD,CBU,ADCBU64,CBU1150,BC1,ADCBU1H22,TTAAAACTGGGCACGGGGTTGTCAA,TATAAGTAGGCTGTGGTTGAATCGT
AD,CBU,ADCBU64,CBU1150,BC2,ADCBU1H23,CCCCAGGCTAATGCAGGAACAGGGT,ACGAAGTAGTCCGTGCTAAGAAAAA
AD,CBU,ADCBU64,CBU1150,BC3,ADCBU1H24,TGTCGACAATTAGAGTGACCAAGTG,AGGGGGAGCGAGTTCTGACGTGAGG
AD,CBU,ADCBU65,CBU1063,BC1,ADCBU2E18,CGGCCCTTACGCTACAAAAGGCGAT,TAGATAACGGCTTGTCAATTTGACT
AD,CBU,ADCBU65,CBU1063,BC2,ADCBU1I01,ACCGTGATTATAGGATCAGATATGC,GATCAAGCTCAAGTACCTCCTAGGT
AD,CBU,ADCBU66,CBU1198,BC1,ADCBU1I02,TAATTGTGCACTTTTTAAAGGATCG,TTTTACCTTAGGCTATCGTTTTTTA
AD,CBU,ADCBU66,CBU1198,BC2,ADCBU1I03,TTAGATGGGCCACAGATTCTCAAGG,TCTGTTGGACTTTGGTGTGGTTTGG
AD,CBU,ADCBU66,CBU1198,BC3,ADCBU1I04,TCTTTCAGAAGATTTGCACCGACCA,TTGAATTGTGTAACTAAGTGTACCG
AD,CBU,ADCBU67,CBU1213,BC1,ADCBU1I05,TTTATATTGACACCAAGTTAGGGAA,GCCCACTCAAATTTAACCAGTCATT
AD,CBU,ADCBU67,CBU1213,BC2,ADCBU1I06,CGGACTCAGAGCAGCCACAGTACAC,AGGGGTCATGGCAGTGATCGGACAG
AD,CBU,ADCBU67,CBU1213,BC3,ADCBU1I07,AATTAACCTAGGTGCATACGAGTCA,AGCAAATGAGCGCGCGGGATGGAGT
AD,CBU,ADCBU68,CBU1217,BC1,ADCBU1I08,CGTTATGATTACCTTGACAGAATGC,CTACAGCAAACCAACTCTAGTTGCG
AD,CBU,ADCBU68,CBU1217,BC2,ADCBU1I09,CGAAATTTTATCCCTCCCTCCCCAT,CTACCATCCGACATGCCAGTGGCAG
AD,CBU,ADCBU68,CBU1217,BC3,ADCBU1I10,TAACAGTACGAAAGAAAGCAACGAT,GGGCGTAGACATTCATACTTGTGAT
AD,CBU,ADCBU69,CBU1253a,BC1,ADCBU1I11,TGAACTGGACTGTCAGGGACATCGA,GACGGGGTGCAAAAACGCCAACAGT
AD,CBU,ADCBU69,CBU1253a,BC2,ADCBU1I12,TCATATAGCAATGATAAAATATCAC,TGACTGACACATGGAATTGAAAAAC
AD,CBU,ADCBU69,CBU1253a,BC3,ADCBU1I13,TTCATAGTGCCAGCGTGGCGAAAAG,CGCAGATATTCGCTTTAGTTGTTGT
AD,CBU,ADCBU70,CBU1253b,BC1,ADCBU1I14,TAATAAGAGATCACTCCAGTGGACT,GCAACGTGGTATTCCGGTACTAGGA
AD,CBU,ADCBU70,CBU1253b,BC2,ADCBU1I15,CTGACTGCCCTGAATTTAGTCTGTG,GGCCTAGAAGCCCGTTGGGTTTTCG
AD,CBU,ADCBU70,CBU1253b,BC3,ADCBU1I16,TAATTAGTCGCGAATAAGTCAACAA,ACAACTAAAAGTAGCCTTTGTCCCA
AD,CBU,ADCBU71,CBU1314,BC1,ADCBU1I17,CAGAATCCTTAGCCCTATGTGATTA,ATCCGTTAATCTTTTCATCATTTGT
AD,CBU,ADCBU71,CBU1314,BC2,ADCBU1I18,CTATTCGGATCTTGAATGCACGATG,GAGGCCTCCAAGTGATTTCTACCTA
AD,CBU,ADCBU71,CBU1314,BC3,ADCBU1I19,CCTTTACTTCTACTACCTCCTTCCG,TATGGTCAACACTATTACGGTGACA
AD,CBU,ADCBU72,CBU1335,BC1,ADCBU1I20,AGAGAATGTCCGCCCTTCAAGTTAT,GTGAGCGTGGCTCATAGAGTTGTCT
AD,CBU,ADCBU72,CBU1335,BC2,ADCBU1I21,AGGACCTAAGCAAGTATCTGCTTAG,AAGAGGTAAATCCTTGACCTAGATC
AD,CBU,ADCBU72,CBU1335,BC3,ADCBU1I22,TATACAACATGCACAATAGCATACT,TAAAATGGTAACTGATCAATATGTT
AD,CBU,ADCBU73,CBU1370,BC1,ADCBU1I23,GTAGAGGAATTATCCTCGCCAGAGT,GGATGAATATTAAACGCATCTTCGA
AD,CBU,ADCBU73,CBU1370,BC2,ADCBU1I24,GTCCTATAAATTGGGCAGTGCTAGA,TGTTGGTTGTCCGTCGGCGCGGCAC
AD,CBU,ADCBU73,CBU1370,BC3,ADCBU1J01,TGTCTGCGGATAACACACTAATTCA,AATCGAAGCCTAGAATATTACTGAT
AD,CBU,ADCBU74,CBU1379,BC1,ADCBU1J02,AACAAAGAAATTGACTGCGAGGGGA,CTCACCACATCACGCAAAATCTTTG
AD,CBU,ADCBU74,CBU1379,BC2,ADCBU1J03,TTCAGTAGAACGATACATAGTTGAT,TGAAGGTTCCCGGACTTACTATACG
AD,CBU,ADCBU74,CBU1379,BC3,ADCBU1J04,TACAATGTTATCTTCGTTAATCGAA,ATAATAAAATCCACACTACGTTCCG
AD,CBU,ADCBU75,CBU1387,BC1,ADCBU1J05,CAACCGTACGTCAAGCCAGGCATAC,CTCGTGTTTCTAATCTTGTGGCCTT
AD,CBU,ADCBU75,CBU1387,BC2,ADCBU1J06,TAAAAAACAAGGTTTGGAAAAAGTG,ATGCCTATAAGCAAGCAGTCGTAGC
AD,CBU,ADCBU75,CBU1387,BC3,ADCBU1J07,TCAAGTGAAATAACGTAGCGACGCA,TAGCTATGAGGTGACCGGATGTTCT
AD,CBU,ADCBU76,CBU1406,BC1,ADCBU1J08,CACACTCGCTCCCATTCTTATCTTT,TCTCACGCTTACGGCTATGGTCATT
AD,CBU,ADCBU76,CBU1406,BC2,ADCBU1J09,GGGTGAAGGTGCACGACTGACTATC,TTAAGGGAAACAGAATCAGGTGCAC
AD,CBU,ADCBU76,CBU1406,BC3,ADCBU1J10,TTTGAAAGCGTGGATAATTCCAGTT,GCGCTAATCTAGCAATCAGCAAATG
AD,CBU,ADCBU77,CBU1409,BC1,ADCBU1J11,GACGGCCCCGTGAATACAGACTTGT,GCTCTAGCTAGGAACACAGGTAGTA
AD,CBU,ADCBU77,CBU1409,BC2,ADCBU1J12,CGTGTGACTTGCAAATGATAACACC,GTGTGAACTTGGTTTTTTTATACAA
AD,CBU,ADCBU77,CBU1409,BC3,ADCBU1J13,CACACAATACGTATCCCATACTTGA,TCACATCTTCAATATACCTCTGCCA
AD,CBU,ADCBU78,CBU1425,BC1,ADCBU1J14,AAAGTAGCGCATACACAACCGATTC,GGTTGGTGGTCTCAGTGGGCGTCGT
AD,CBU,ADCBU78,CBU1425,BC2,ADCBU1J15,CCAAAAGGAATACAATCGTCATCGA,CATTTATGGGTTGTAAATAGAGTGC
AD,CBU,ADCBU78,CBU1425,BC3,ADCBU1J16,TGCCTAACACTAGAATTTTCCTCCA,TCCTCGTATGGTTATGGGGTTTTGA
AD,CBU,ADCBU79,CBU1434,BC1,ADCBU1J17,CCGTAATATGTAAGTGTATCAATGC,CACGTTGATGAAATAACTGTCTTAC
AD,CBU,ADCBU79,CBU1434,BC2,ADCBU1J18,ACGTCAGATGTTCGTTTAGGTTAGA,GTCTCGTAGTCATGAGTCCAGAGTG
AD,CBU,ADCBU79,CBU1434,BC3,ADCBU1J19,AACCAGGATAGTAATTATAAAGCAT,CTATCAATGTGTGGCCTGTTGTTCT
AD,CBU,ADCBU80,CBU1457,BC1,ADCBU1J20,CTAAGTTAAAACCATTTTAAAGTCA,CGCTAATATTGATATATCCTCAAGA
AD,CBU,ADCBU80,CBU1457,BC2,ADCBU1J21,GTCTTAGCATTTACCTAGCAGACAA,ACAAAAACGTATGAATTTTCACTTG
AD,CBU,ADCBU80,CBU1457,BC3,ADCBU1J22,CGGACCAGTGTCCAGGGCATCTACT,ACCGGCCACTCGACAGGGCTATTTC
AD,CBU,ADCBU81,CBU1460,BC1,ADCBU1J23,ATCGACGGGTAGCCTTTTCCACGTC,ATAGGAGCGGGGCGGTGGAGGGGAC
AD,CBU,ADCBU81,CBU1460,BC2,ADCBU1J24,ATATGTACGCGTCCCACACAGACTT,TGTGCAGTCGTTGCGCCGCAGAGGC
AD,CBU,ADCBU81,CBU1460,BC3,ADCBU1K01,TGAAGACCTACCTTAACTATAACGA,CCTCCAGGGTAAGTCAGCCAGTAAA
AD,CBU,ADCBU82,CBU1461,BC1,ADCBU1K02,GGAAAGTATGAATGTGAGGGCCAAT,TCCAATACCGCATCGTTGTTTTTCA
AD,CBU,ADCBU82,CBU1461,BC2,ADCBU1K03,CATGAATAGGAAGTCCGTTAGACCA,TGTACGCGTTCTCAAGAGGCCCACT
AD,CBU,ADCBU82,CBU1461,BC3,ADCBU1K04,ACAAGAGGCCAGCTCACTCATAAAA,ACGCAATTTCTACTCTCCTGATCCT
AD,CBU,ADCBU83,CBU1485,BC1,ADCBU1K05,ACCTATCGTAATTGGAGACTTCTGT,CTTATTAGTCCCCCGGAGAGATCAA
AD,CBU,ADCBU83,CBU1485,BC2,ADCBU1K06,ATAACTAAGTTACTAGCGACCCGGT,TTCTTGCCTAAATCGTTATATCTCC
AD,CBU,ADCBU83,CBU1485,BC3,ADCBU1K07,CGATTCCTTTACACAGAATAATGGA,TTTTATTAGAATGCTGCGGTTTCAT
AD,CBU,ADCBU84,CBU1493,BC1,ADCBU1K08,ATTAAAGAGTTACGAGCAGCCAAGA,GCAAATAGTGTGCCGGGGGGACTCG
AD,CBU,ADCBU84,CBU1493,BC2,ADCBU1K09,AATACGATGCCTGTTATGAAAAGAG,GAATGAGGGACCGACGGGATTACGC
AD,CBU,ADCBU84,CBU1493,BC3,ADCBU1K10,TAAAGGGTATACCTGAAAAGATGAG,TTATACATCTGGAAGCATATCGGGC
AD,CBU,ADCBU85,CBU1524,BC1,ADCBU1K11,TTACCCCGGGGGCCGTCCATGCGCA,TCATTGCGTTGGGAAGATAATATGT
AD,CBU,ADCBU85,CBU1524,BC2,ADCBU1K12,CAACCTAACCATGCAATCTGTACTC,TATTAATATGTCGGCTTGTTCAGGT
AD,CBU,ADCBU85,CBU1524,BC3,ADCBU1K13,CCTCTACTGGATACTAATT,CGATTTCGTAAGTTTAATGGTACCT
AD,CBU,ADCBU86,CBU1525,BC1,ADCBU1K14,GCGAGCCCCTTTACTTGTCGAAGTG,TTGGTGACCGACGCTCGGGACGGAA
AD,CBU,ADCBU86,CBU1525,BC2,ADCBU1K15,GCTGTAGAGCAGAGGGCTTTGAAAA,GTACAATGGGATTCAGAGCCTATAC
AD,CBU,ADCBU86,CBU1525,BC3,ADCBU1K16,CGTTTAATGACGTCTCTCCCCCAAC,TTCTTTCGATCGTCTTAATTGTTTT
AD,CBU,ADCBU87,CBU1530,BC1,ADCBU1K17,GTAAAGCTGGCGTTCGCAATCTACG,GTCTTATCATTAATTCGTGCCTCCA
AD,CBU,ADCBU87,CBU1530,BC2,ADCBU1K18,ACAATAACAATTATAAACTAACATT,CCCTTAAAGATTGCTCAAACTGCAC
AD,CBU,ADCBU87,CBU1530,BC3,ADCBU1K19,GTAACGGGGCCATAGAAATAAAAAG,ACATGTATGGCTCCGGTCCGAACAT
AD,CBU,ADCBU88,CBU1532,BC1,ADCBU1K20,AAGAACCTAGGTAACAGGTTGCTCC,GAACTATACATACAATTCAATTATA
AD,CBU,ADCBU88,CBU1532,BC2,ADCBU1K21,AAGAAAAGCCGTTATACACACCCAC,CCAAGCGTGGTAAAATGTTAGGAAT
AD,CBU,ADCBU88,CBU1532,BC3,ADCBU1K22,CTCGATAAAACTACTACCTATCAGT,TCCTTGATTAACCTAACTGCTTTTC
AD,CBU,ADCBU89,CBU1543,BC1,ADCBU1K23,ATGCGAGGACTGCAGAACATTGTTT,AGGGGGGGCCGAGGTCGGCTAGCTA
AD,CBU,ADCBU89,CBU1543,BC2,ADCBU1K24,CTGACCTGTTCAATCACTTAAGAGA,GTACACATGGCATGGGGGTACGCTA
AD,CBU,ADCBU89,CBU1543,BC3,ADCBU1L01,TAAAACAATAGCTGAAATCTTTAAG,TTACCTAGCTCTAACAACTCATTTA
AD,CBU,ADCBU90,CBU1556,BC1,ADCBU1L02,CAATTTACGATGATATTCCAAAGAG,TAAACGATTAACCACACGTCGGCCT
AD,CBU,ADCBU90,CBU1556,BC2,ADCBU1L03,TTCACGCTAAAACATAACATGGACG,TAACATCGAACACGAGCCAAAACTG
AD,CBU,ADCBU90,CBU1556,BC3,ADCBU1L04,ACATCCACGAAGAACGATCATAAGA,ACTGAGTCCCCCAAAGCATTTTACC
AD,CBU,ADCBU91,CBU1566,BC1,ADCBU1L05,CCCAGCCCACGGCTACGCAGGCTGC,ATGGTTTTCTGACTGCTGTTGGTCG
AD,CBU,ADCBU91,CBU1566,BC2,ADCBU1L06,CTGAACGGACTAAAGATAAGTCGTC,TTTCTCGGTCGCGTTTATAGCTGGC
AD,CBU,ADCBU91,CBU1566,BC3,ADCBU1L07,TTAACGACTACCCATCGTTAGTCGA,TCAAGTTATATAGGTAACCAGTGTA
AD,CBU,ADCBU92,CBU1569,BC1,ADCBU1L08,CAAAATGTCCTTAGGGTGAACTTTA,TTTCATCGATACTGGGCATACAAGC
AD,CBU,ADCBU92,CBU1569,BC2,ADCBU1L09,ACCGGCTAAAAGTAAAAGTTTACTC,GTAGCATGAGTCAGGGCAGATCCAG
AD,CBU,ADCBU93,CBU1576,BC1,ADCBU1L10,ACAATAGTCGAAGAGGGATAATTTA,TTTCCGTTGTGGCGGGTCTACGGGG
AD,CBU,ADCBU93,CBU1576,BC2,ADCBU1L11,AACCCACCGCGCAGCTAGGTGCTTA,TGTCGAACTTTAACCGCGGAGCTGA
AD,CBU,ADCBU93,CBU1576,BC3,ADCBU1L12,TACATATAAAGAGTAAGAGTCTTGT,TGTGTCACGGGAGCAATTGAATACA
AD,CBU,ADCBU94,CBU1594,BC1,ADCBU1L13,CGTACCGTGAAGAATCAGAGATTGA,GATTTGCTCGTTCATTTATTAGACT
AD,CBU,ADCBU94,CBU1594,BC2,ADCBU1L14,CGCGCTAGTCTATCGATTCATGATA,CTTCTGGAGAAAATTCTACGGATGT
AD,CBU,ADCBU94,CBU1594,BC3,ADCBU1L15,ACCCCAACTCGCTACACTATAGAAG,TCGTGGCGTCGGGTGTTATGGTTAT
AD,CBU,ADCBU95,CBU1599,BC1,ADCBU1L16,TGACCCTACATACACAAAGAGTACG,GGGACCGATCCTACTCATCAAACGT
AD,CBU,ADCBU95,CBU1599,BC2,ADCBU1L17,ATGGAACTCCCATAGAACCCGGCTT,CTTCGAGGTGTACGAAAAGGCGGTA
AD,CBU,ADCBU95,CBU1599,BC3,ADCBU1L18,ACTGTAAGCGATAATTAACAGTTAG,CTTCCTAAGGTTAGCCTACTGTGAA
AD,CBU,ADCBU96,CBU1607,BC1,ADCBU1L19,AAATTAGTCTGATAGCGCTACGGTC,AAAATTCAATTTACAATATAAATTA
AD,CBU,ADCBU96,CBU1607,BC2,ADCBU1L20,AATAGGCACCGCCTTACAGTGACTA,ACTCGCTATTCAAGTCCATTTTATG
AD,CBU,ADCBU96,CBU1607,BC3,ADCBU1L21,ATGGTGAGGCTTAATAAATATTCTG,GATTTTAGCAATGATGACTGTTAGC
AD,CBU,ADCBU97,CBU1614,BC1,ADCBU1L22,ATCAGCATCGCTGAGCCGTGATTGA,ATCTTTCTGATTATCCATACTTTTT
AD,CBU,ADCBU97,CBU1614,BC2,ADCBU1L23,GAACGTAACCTTCTTGGGCGTTAGG,AGGGGTCCTACGGCGGGGCGGTTTC
AD,CBU,ADCBU97,CBU1614,BC3,ADCBU1L24,AGAGAGAATCACCACAAACTATCAG,CAGCGTGTCAATACGTTGTTAAATA
AD,CBU,ADCBU98,CBU1620,BC1,ADCBU1M01,ATTCTAATACTAAGGTTTGACAGCA,GCAGTTCACTTACAGTAGGTTGAT
AD,CBU,ADCBU98,CBU1620,BC2,ADCBU1M02,CAAAATAGGTTAACTGTCATGTACC,GACACGTGGTTGCAAGGAATACTTG
AD,CBU,ADCBU98,CBU1620,BC3,ADCBU1M03,CAACAATGAACAGGCACGAGAAAGG,GTCAAACGACCCGCCCGTGCTCCTC
AD,CBU,ADCBU99,CBU1636,BC1,ADCBU1M04,CCTGTATAATAATTTCTAAGTTTGG,CAATCACTGCAAATGTGTGTTAATT
AD,CBU,ADCBU99,CBU1636,BC2,ADCBU1M05,CTACTATATAAGCGCAATAGGCTAA,TCATCTAGATTTATGTCTTTTGTCT
AD,CBU,ADCBU99,CBU1636,BC3,ADCBU1M06,GGACTCCACCCAAGGTGTCGGCAAT,AAAGCAAGCCGGAGACCCTGTACCG
AD,CBU,ADCBU100,CBU1639,BC1,ADCBU1M07,CTTATAACGGGATAGCCCTGTAAAT,AGTTGAATGAACAGGTTTCCTTGTA
AD,CBU,ADCBU100,CBU1639,BC2,ADCBU1M08,GCATCGGTATACAACCATATACAAG,TGTCTCGTTAAGAGCTGCATTATTC
AD,CBU,ADCBU100,CBU1639,BC3,ADCBU1M09,ATTCGAACCGTTCTCAGGTGTATGC,ATCGGGATAGGGAAACACCTAGGGG
AD,CBU,ADCBU101,CBU1665,BC1,ADCBU1M10,GGCATAATTCAGATCAGCAGGGATG,TAAACAGTAGCAGCGGTGAAAGCCG
AD,CBU,ADCBU101,CBU1665,BC2,ADCBU1M11,AAAATGTGTTTAAAAAACGTCAAAA,TGTTCTCGAAGGCCGAATATTGTGT
AD,CBU,ADCBU101,CBU1665,BC3,ADCBU1M12,CACAAATAGGGGCCAATTCGGCTGAGCA,TCGATATTCCTTGTTCTCTCCTGGG
AD,CBU,ADCBU102,CBU1676,BC1,ADCBU1M13,TTTCACTCTTCATCAGTGTACACTG,CCTGTGTCTTATGTTTTATTGTAGA
AD,CBU,ADCBU102,CBU1676,BC2,ADCBU1M14,GGCTTACTGAAACAAAAGAAGAATA,AAATGCATGACCGCACCACTTCGCA
AD,CBU,ADCBU102,CBU1676,BC3,ADCBU1M15,ACCTTTTACGCCCCCGTTTTGCATC,CTGTTAAGTGGCGAGGGATCTCGTG
AD,CBU,ADCBU103,CBU1677,BC1,ADCBU1M16,CCCCACCACAGCGCCTCGGGACCGC,TGTTCTCTTCTCAAATATGATAAAG
AD,CBU,ADCBU103,CBU1677,BC2,ADCBU1M17,ACCCATCTCGTTAGTGTCTGACAAA,ATTAAGGCATTTGAAGGCCCGCTAG
AD,CBU,ADCBU103,CBU1677,BC3,ADCBU1M18,GGGTCGGAGGGGGTGATTTTTGATC,ATCTTACCTAAGGCCTTAGGATATT
AD,CBU,ADCBU104,CBU1685,BC1,ADCBU1M19,GGAATTTGCAAGATTAACTGAATA,GTATAACGCCGCCACTTGGCATAAT
AD,CBU,ADCBU104,CBU1685,BC2,ADCBU1M20,ACAAAACAATAAATAATCATACTAT,CCACGAAAGATATCTACGTTTGCGT
AD,CBU,ADCBU104,CBU1685,BC3,ADCBU1M21,TGATTAAGAATGGCAAGTTATTGTC,TTATGGCTGTCATTATCCCTGTATC
AD,CBU,ADCBU105,CBU1686,BC1,ADCBU1M22,GGCCGGACACATCTATACGTCGTCA,GCATCAACGATTTTCTTGAGGGTGCCACTTGGTA
AD,CBU,ADCBU105,CBU1686,BC2,ADCBU1M23,CGAAGTGAACATATTTAATACACAA,CTGTGATTATCAGTTTCTACCCTCG
AD,CBU,ADCBU105,CBU1686,BC3,ADCBU1M24,AGTAAAAATGCACTATGAAAACCGA,ACCAACTAAAGCTCGTAAATGTATC
AD,CBU,ADCBU106,CBU1724,BC1,ADCBU1N01,AATGGAACTATGATAAATTTGGCTC,CTAGTTTCTGCAAGTCGTTTGTCTG
AD,CBU,ADCBU106,CBU1724,BC2,ADCBU1N02,TCATAGTACAGTGATCAACATCGTA,TTGCAGTTGATCTTCTCGCATAATT
AD,CBU,ADCBU106,CBU1724,BC3,ADCBU1N03,ACTTTGTAGTAAAGGTTCATCGGAA,TGCATAAGTGATTCCACGACACAAG
AD,CBU,ADCBU107,CBU1751,BC1,ADCBU1N04,GGCCGTGTAAACGCGTTTTTGGTAT,GCACTGGTGCAGATGAAAGCGACGA
AD,CBU,ADCBU107,CBU1751,BC2,ADCBU1N05,CGTCCCAAAAGAGGATAAATAAAAC,ATCTTCTCCCGCGGTCGGGTGGTGT
AD,CBU,ADCBU107,CBU1751,BC3,ADCBU1N06,TTGTTGATAACTCATCCCGGACGCC,GACCGCACATACCGTAATCCTCTAG
AD,CBU,ADCBU108,CBU1752,BC1,ADCBU1N07,CTGCCTAGAGCTGTCCTTCGAGGAC,ATTGGTGGTTCTCCGCTTGGCCGGG
AD,CBU,ADCBU108,CBU1752,BC2,ADCBU1N08,AAACCCATTAAAGGTACGCTGGTAC,GGTGTTATCTGCTTAAGCGTTAACA
AD,CBU,ADCBU108,CBU1752,BC3,ADCBU1N09,TTTGTGGTAGGAAGATATACAGTAT,ATGGTTCTTAGCTCACAACCTTCCA
AD,CBU,ADCBU109,CBU1754,BC1,ADCBU1N10,TGTCGAAAACGATAAATGCTCATCG,AGGCGTTACATTATCTTATATCTGT
AD,CBU,ADCBU109,CBU1754,BC2,ADCBU1N11,ATAAAAAGACCACCATGCAAAGACT,ATAGATACGGGACTTGGTGAATGTT
AD,CBU,ADCBU110,CBU1757,BC1,ADCBU1N12,CACATGACCACGCAACAAAAGTTAC,CATAGTTCCTTCTTCAAATCTGTCA
AD,CBU,ADCBU110,CBU1757,BC2,ADCBU1N13,ATGTGTCCAGGCTTGGGGACCCGTG,GGTATTCACCACTCGCCGCCCTGTA
AD,CBU,ADCBU110,CBU1757,BC3,ADCBU1N14,CGTGTATCCTTACCCCCCAATACGA,TCCTCTGAAGCCCTCGGACTGGGTG
AD,CBU,ADCBU111,CBU1769,BC1,ADCBU1N15,TAAAGTATCAAAAATCCAAAATCCG,CTAAGATAATGATTTCCGACGAACA
AD,CBU,ADCBU111,CBU1769,BC2,ADCBU1N16,AAAAAGCTTTAGGAAGTGTATCTGA,GCTTCTTTTGAGCAAATCCCCAAAA
AD,CBU,ADCBU111,CBU1769,BC3,ADCBU1N17,CCGGCAGTTAGATCTTATTTGCATG,GCTGCATATGAAAGTATGTTATGTG
AD,CBU,ADCBU112,CBU1776,BC1,ADCBU1N18,GTTAAAGGATCGAAGCGGACAAGCG,TTCTATTTGACTATAACGAGTTA
AD,CBU,ADCBU112,CBU1776,BC2,ADCBU1N19,CCGTTACAGTACTTAATTAACACCA,CAAAAATGGTTTATAGCTTATTACA
AD,CBU,ADCBU112,CBU1776,BC3,ADCBU1N20,TCGATACGTCACGGAATATAAATGG,CAGATACACTACTTACATGTCTGGA
AD,CBU,ADCBU113,CBU1780,BC1,ADCBU1N21,TATGATCCCAGAAAGGGAATAAAAA,AGTGTGTTTCTACAGCTCTGTAATT
AD,CBU,ADCBU113,CBU1780,BC2,ADCBU1N22,CAAGGCAAGAATCTAGGACTAGCTA,CGGTTCCCGGAGGTTATTGGGATTA
AD,CBU,ADCBU113,CBU1780,BC3,ADCBU1N23,GCCAGCCAGTTGTGACAGTTCGTAA,TTAGTCATCTCACGTAGAACTATAT
AD,CBU,ADCBU114,CBU1789,BC1,ADCBU1N24,AAGCTTTGACCGATATGCTACGACA,GCTCAGGTCGGCTTTCAACCCTGTA
AD,CBU,ADCBU114,CBU1789,BC2,ADCBU1O01,TTTCCTGAAGTTCCAATTAAAAAAA,TGAGTACCTTGTTTCGTGGGCCTAG
AD,CBU,ADCBU114,CBU1789,BC3,ADCBU1O02,CCATTAATTGATAACTAAAAGACAA,CTTTTGACTCTTGCTGGGCTACTGA
AD,CBU,ADCBU115,CBU1790,BC1,ADCBU1O03,GTACTCCACCTCTAACCACAAGGCT,ACGTCCGACGTGCGCTGGCAGGCTC
AD,CBU,ADCBU115,CBU1790,BC2,ADCBU1O04,GCGCTATCCGTTTAGAATAGTGTGC,ATCGCACCGGTCTGCGTAGGGCCCT
AD,CBU,ADCBU115,CBU1790,BC3,ADCBU1O05,ATTTTGTCCTTAAAGCCGGCGTAGG,GGGGGTGGCCTTGGTATACATTATG
AD,CBU,ADCBU116,CBU1794,BC1,ADCBU1O06,AACCTTATATGGAATCCACTTTACT,CTTGATCTGCTTAAAGCAGGCCTGT
AD,CBU,ADCBU116,CBU1794,BC2,ADCBU1O07,TACCTGATCGACTTATCGGCGCCCA,AATATTAAAGTTACAAAGTAAACTA
AD,CBU,ADCBU116,CBU1794,BC3,ADCBU1O08,GGGCTGAACCATCTGCAACCATAAC,TGTCATCTAATGACCCATGTCTTATGATATAAGTTACT
AD,CBU,ADCBU117,CBU1818,BC1,ADCBU1O09,GCGCCTCTCTAATGGATCGCACGTC,ATGGTCATATTACTAATATATTTTT
AD,CBU,ADCBU117,CBU1818,BC2,ADCBU1O10,ACACACCAACTACCCCAATTATTTG,ATGTTGCTGATGGTCATAGTATACC
AD,CBU,ADCBU117,CBU1818,BC3,ADCBU1O11,TCATAAAATGTCAAATAGTAAAAGG,GCTGCATCTCGCGTGGGCCTTGTCCCTGACT
AD,CBU,ADCBU118,CBU1819,BC1,ADCBU1O12,AACCGGGAGGTCGAAGACGTCGGCA,CGAGTAGACGGATAAATGCGTCCAT
AD,CBU,ADCBU118,CBU1819,BC2,ADCBU1O13,TAGACCATATATTTAAGTATCAAAT,GCAAACGGGTAGGAGTTTAACTTGA
AD,CBU,ADCBU118,CBU1819,BC3,ADCBU1O14,ATGGGTACCTACTACAGAAGAAACG,TTTTTGCAGTCCCTGGGCGCTGATA
AD,CBU,ADCBU119,CBU1823,BC1,ADCBU1O15,ACTGTCATATCACAAGTATAAGTAG,AAGGTTGGCAATGGCGGAGGTGCCA
AD,CBU,ADCBU119,CBU1823,BC2,ADCBU1O16,AACGAGTTAGCTGATAAACTTGAGA,AGATCACAATAGACAGTATAGTTTT
AD,CBU,ADCBU119,CBU1823,BC3,ADCBU1O17,AAAGGAGTAACTGTGGCCCGCAGCA,TTCGCGACATAGTTTAGATTAAACG
AD,CBU,ADCBU120,CBU1825,BC1,ADCBU1O18,CGCCAGACTACAACGCACTCTTACA,TCTAGTGAGCTTTGTTCTCCAGTGC
AD,CBU,ADCBU120,CBU1825,BC2,ADCBU1O19,TCTCCGAAAAAGGAACTCCTGTCAA,CGGGAGCCGTAGCCAGAGTTGGTGC
AD,CBU,ADCBU120,CBU1825,BC3,ADCBU1O20,TAGTACAAAAGGCTGATTATTGACG,TTTTGTTTTACAATCATCCTTTTTC
AD,CBU,ADCBU121,CBU1863,BC1,ADCBU1O21,GATTGAGAAGATTGATCAATCGAAG,AGGGTAGCTGGGAGCCTGGCTCGAA
AD,CBU,ADCBU121,CBU1863,BC2,ADCBU1O22,GCTCAAAACTTATAGGAATCAAGTT,ACCTGTACAAACGCTAACTGGTTTA
AD,CBU,ADCBU121,CBU1863,BC3,ADCBU1O23,AATCATAATAAACATTTTTCAATAC,TTATTTCTTGCTAGTGACGTGGCCA
AD,CBU,ADCBU122,CBU1963,BC1,ADCBU1O24,ACATACTCTGGTATGAGAATACCAT,GTTGTCGTGGATGCGAGCGCTCTGG
AD,CBU,ADCBU122,CBU1963,BC2,ADCBU1P01,ACGTTGCGGTGGTAATTATTAGGAT,TAGCATCCATAACACAGTATTATAG
AD,CBU,ADCBU122,CBU1963,BC3,ADCBU1P02,CCAAAGTAGTATGTGGAGTCAAAGT,TGTACGTCGTCCTATTCCCGTTGTA
AD,CBU,ADCBU123,CBU2007,BC1,ADCBU1P03,CCGAACCCACCCGGCTTCGTACTTG,CTGGTAATGCTTTATCACTGAAGCA
AD,CBU,ADCBU123,CBU2007,BC2,ADCBU1P04,ATGCTAGACAGGACAAACAAGAGCG,ATCGAAGTCGCTGTGCCTTTGAAT
AD,CBU,ADCBU123,CBU2007,BC3,ADCBU1P05,GATCGGCTCGTAATAAGTCGAAACG,TCCGTACGCTGGCACTGCTTATAAG
AD,CBU,ADCBU124,CBU2013,BC1,ADCBU1P06,ATGATTTGCCAGCCTTTAATAAATT,GAGAAGTGCCCGGAGCGGGAGGCTC
AD,CBU,ADCBU124,CBU2013,BC2,ADCBU1P07,TGGGATTAAGGAAGAGGCCGGAGTT,ATAAGTAAGGCGGTAGCGTGATCAC
AD,CBU,ADCBU125,CBU2016,BC1,ADCBU1P08,ATCCATCGCGGTCTCAGCCTATTAC,GCTTGCTAGCTAGCTATTTGAATTT
AD,CBU,ADCBU125,CBU2016,BC2,ADCBU1P09,TTACTCATAGACCTCTCACTACATA,GTGGTATTGCCAAGAGATGTGTTAA
AD,CBU,ADCBU125,CBU2016,BC3,ADCBU1P10,CATGCGGTCCCCGCTGAGTATGATC,GTGGCGAAAGTCATACCAAACGGAG
AD,CBU,ADCBU126,CBU2028,BC1,ADCBU1P11,TCAATGCACATGGTCTTATCAATGT,CACGTAACATGAATATTGTTGTGTC
AD,CBU,ADCBU126,CBU2028,BC2,ADCBU1P12,ACCTCCAAGCGACTTACCCAAAAAA,TTAATTACCTCTAATTAGGAGCCAT
AD,CBU,ADCBU126,CBU2028,BC3,ADCBU1P13,GATATAATTATATGCTAACCGATAA,TCGGGAGGTAATAAATTTCCACTTC
AD,CBU,ADCBU127,CBU2052,BC1,ADCBU1P14,TCACATAAAGCTGGAGGATTCAAAA,GATAATCGTTGTACTTTTCTGCGCC
AD,CBU,ADCBU127,CBU2052,BC2,ADCBU1P15,TGGTTTTTCAATAGTAACTCAAAGG,TGTAGGTTGATATCGGTGATTTTGT
AD,CBU,ADCBU127,CBU2052,BC3,ADCBU1P16,AAGTCCGATTCACACTCGATATTTT,TTTCGATATCTGTGTCCCGCCCTCT
AD,CBU,ADCBU128,CBU2056,BC1,ADCBU1P17,CACGCCAAAGGGTGTGACCAGCCCC,AACGCACTTGGCTCATTAGTACTGA
AD,CBU,ADCBU128,CBU2056,BC2,ADCBU1P18,ATGTCTTTTTCTCAAATTGATTACC,CTGGTCGGTCGGGTGCATAGATAGG
AD,CBU,ADCBU128,CBU2056,BC3,ADCBU1P19,CCCCCGCCGCCGCAAGTCGCCCTAC,CACGTCAATGTGTGGTAGGTGTGGG
AD,CBU,ADCBU129,CBU2059,BC1,ADCBU1P20,AATCTTATGCGGGCACAACAATCTG,GGATTGTTTGTCATCCAGCTGGTAT
AD,CBU,ADCBU129,CBU2059,BC2,ADCBU1P21,GGATGACTCAAAGTACGGAACGTTG,ATTATACACAGATTCATGCGTTGG
AD,CBU,ADCBU129,CBU2059,BC3,ADCBU1P22,AGTCAATTTTTATCTCTGTAGAACT,TATCGGGCTATTGATAAATATTCTT
AD,CBU,ADCBU130,CBU2064,BC1,ADCBU1P23,ACCACTAGGAGTTCTTGAATGTGTC,CTACATTGTCTAACCGTCTATTTGT
AD,CBU,ADCBU130,CBU2064,BC2,ADCBU1P24,TTAAGACACGACTAAAAAGCAAAGA,CCTGTTAGAGGAATATATGTTGATA
AD,CBU,ADCBU130,CBU2064,BC3,ADCBU2A01,CCGGCACATAACACACGACCTCTTA,TAATCACCATATGACGTAAACAAAG
AD,CBU,ADCBU131,CBU2078,BC1,ADCBU2A05,CGTGGTATAAAGCTAGCAATTAGAA,TCTAAGCTATCAATGGTGTTTGGTA
AD,CBU,ADCBU131,CBU2078,BC2,ADCBU2A06,GGGAGAGAAGGTTGTAAAAAGGTTG,CTCTTTTCACTACCAAGTGTGTTAT
AD,CBU,ADCBU131,CBU2078,BC3,ADCBU2A07,CAAAACACGCTGGGATCAGGGGTAT,CCTTCGTATGAGATTATGGTATATA
AD,CBU,ADCBU132,CBU0360,BC1,ADCBU2A08,GTAGTAGTAACCTAGCGATCTTAGA,CCGGCTATATGGTGATTTCCCTATT
AD,CBU,ADCBU132,CBU0360,BC2,ADCBU2A09,GTGTAGAATCCGGATCAACTTGAGG,TATATCATTCTAGCTGAGTTTGAGA
AD,CBU,ADCBU132,CBU0360,BC3,ADCBU2A10,CTCAGGACGGCCGATGCGTACATCC,AGTCGGCGACGCAAGTGAGGTGGAG
AD,CBU,ADCBU133,CBU0584,BC1,ADCBU2A11,TGTATGCTGATTTGATGAGTAAAGT,CACGATTTGCCAGTAAAAAGTCACG
AD,CBU,ADCBU133,CBU0584,BC2,ADCBU2A12,ATACCTGCACAATCCGCACATGGCA,GCCTAGATTGCTTGTAATCTTATGT
AD,CBU,ADCBU133,CBU0584,BC3,ADCBU2A13,CCCGATCCCGCGACTTTTCTCGGGA,AACTTGCAATCAAAAAGCTTCACAA
AD,CBU,ADCBU134,CBU0602,BC1,ADCBU2A14,CGCTATCTTAATTGGACGTGGTAAA,CAATCCGCAATAATCTGTGAACAAT
AD,CBU,ADCBU134,CBU0602,BC2,ADCBU2A15,CACAAAACTCGAGGTGGTGGTACTC,ATCACAAGTTTAGTCTGTATAGGCC
AD,CBU,ADCBU134,CBU0602,BC3,ADCBU2A16,TCTTATTTCATAAAAGTAAGCAGTC,TAACAGACCTCGACATGCAGGCAAC
AD,CBU,ADCBU135,CBU0879,BC1,ADCBU2A17,TATTGCTGGAGTTGAAATAGTCTGA,AACTAAAATAAAGCACTTTCTGAGT
AD,CBU,ADCBU135,CBU0879,BC2,ADCBU2A18,AGCAACACATAGCGCTATGTTTGGC,GCTTCACTTCCATTCAAGCGGTGTG
AD,CBU,ADCBU135,CBU0879,BC3,ADCBU2A19,CAGTACCTTAGACATTATGGATTGC,GTATTTCTAGTTTATCGTGCTCATT
AD,CBU,ADCBU136,CBU1209,BC1,ADCBU2A20,GAGGTGAAGAGAGAGCATAAACCAC,AAAATGGGGGAGAAGATAGATCGAA
AD,CBU,ADCBU136,CBU1209,BC2,ADCBU2A21,AAAAACTTTTTGAAAAAATTGATAT,CGGTGTGTTCTTAGTGATCTCTACG
AD,CBU,ADCBU137,CBU1263,BC1,ADCBU2A22,CACCGAACTGTAAAGGTTACTATAG,ACTTTTCGCTGGGATTCATCATGCA
AD,CBU,ADCBU137,CBU1263,BC2,ADCBU2A23,TCACAATGAACGAAGGTCCCCTTAA,TTTTGGTAGTCTCAAGCTACCTTAA
AD,CBU,ADCBU138,CBU1298,BC1,ADCBU2A24,CCCAGTAATTCTCTGCTACATTAAA,TGAGGATGAGTCATCTAAGTTTCAC
AD,CBU,ADCBU138,CBU1298,BC2,ADCBU2B01,ATATCTAATAGTGCTCTTCATTAAT,CCATTCCATTCTCATTTGTGCTCCC
AD,CBU,ADCBU138,CBU1298,BC3,ADCBU2B02,TCGACATAAACTTGGAAGGCCAATT,CGAAGGTTGATGGGTCAGGGGCCTG
AD,CBU,ADCBU139,CBU1334,BC1,ADCBU2B03,TTGCTCAATAAGCACACGGATTAAC,AACTTTCAACCATACCGATTTAGAC
AD,CBU,ADCBU139,CBU1334,BC2,ADCBU2B04,GCCCTGGACCACTAGGTGTCTGATT,GTGCCTGCCTATTATTAAACGATTA
AD,CBU,ADCBU139,CBU1334,BC3,ADCBU2B05,ACAAAACACTAATGTGCCGCAACAA,CTTAGTGTAAAGTAGGAAGCTAGGA
AD,CBU,ADCBU140,CBU1452,BC1,ADCBU2B06,GTTAACCTCATAATCAACGTGGCTA,CCGGTAGATTTCTTGGATACATAAG
AD,CBU,ADCBU140,CBU1452,BC2,ADCBU2B07,TTGCCAGAGGCGTAGCAGTTTTATA,TTTGTACAAGTTTTTATTATATATA
AD,CBU,ADCBU140,CBU1452,BC3,ADCBU2B08,CCTCCTACATAATCAACTCAAGCGA,GAGCTAAACAATAACGGTACCATGT
AD,CBU,ADCBU141,CBU1533,BC1,ADCBU2B09,CCTGTTGCTTATTGTCTCAGGTTTC,TTAGTTTGACTTCGAGTTCTTGTAC
AD,CBU,ADCBU141,CBU1533,BC2,ADCBU2B10,ATACAAACAAATAATAAATCCGCTG,CAGTTCATCTATCTCTAGAGTTAGC
AD,CBU,ADCBU141,CBU1533,BC3,ADCBU2B11,ACCGGTTGCAATAAAAGATGTCGTA,AATGCCTGTCAACACCCCCCTCAAT
AD,CBU,ADCBU142,CBU1560,BC1,ADCBU2B12,AGTTCGCCGTGCTGCGGACGCTTCC,TTCTTCATATGCTAACATACATATA
AD,CBU,ADCBU142,CBU1560,BC2,ADCBU2B13,GTCCCACATTAGATTTAAGGTTGCT,TTACTTTCGCTAATGTGTATTTTGA
AD,CBU,ADCBU142,CBU1560,BC3,ADCBU2B14,AAAAAACCTATTGTATTACTATAAA,GGGTAGGGGATCTCCATGGGGGCCT
AD,CBU,ADCBU143,CBU1619,BC1,ADCBU2B15,ACCTGCGGCTAAAGACAGGATTAAA,TTACCTGAAATTTTTCTTGATTGGA
AD,CBU,ADCBU143,CBU1619,BC2,ADCBU2B16,CCTCGGCGCTGTGTTGTGTGCCATG,GTACAAATAAGGCATACATTAGCAT
AD,CBU,ADCBU143,CBU1619,BC3,ADCBU2B17,AAGCGGTGATGTGATGCTAAGGACA,ATCTCGAAAACATTAGCCCATGTCA
AD,CBU,ADCBU144,CBU1693,BC1,ADCBU2B18,CATCAAGACAATACCTGGTTTGAT,TTTCACTTTTCCTACTGAATGTCGT
AD,CBU,ADCBU144,CBU1693,BC2,ADCBU2B19,CCAACTATTTAAGTATAATATGATA,GCGATCTGTGTTCCTTTTCTGCTAC
AD,CBU,ADCBU145,CBU1701,BC1,ADCBU2B20,GCCGGCGCACCTATGGAACTATAGC,GGTTATACGCAGCAGGAACTTAATT
AD,CBU,ADCBU145,CBU1701,BC2,ADCBU2B21,CAGCTCTAGAATAGAGCCGTCAAAT,AGTCTCTGGCTCCACTTAATCTGCT
AD,CBU,ADCBU145,CBU1701,BC3,ADCBU2B22,GGTTGTTTGATGGACAATTATAGCC,TCAATGACCGATTGGCCAGAATGCG
AD,CBU,ADCBU146,CBU1806,BC1,ADCBU2B23,AAATGCTGATTTCAATAAGACCAAG,CCGGCAAGTAACGCTTTAGGGTAGC
AD,CBU,ADCBU146,CBU1806,BC2,ADCBU2B24,AGAATACTCGTAAATGGATCATCGA,TGGGGGTTAGAAAAAGCATACGAGC
AD,CBU,ADCBU146,CBU1806,BC3,ADCBU2C01,CCCCACGCACGCTGTACACACCACA,AGGTAAGGATTTGTTGCGATTTATC
AD,CBU,ADCBU147,CBU2050,BC1,ADCBU2C02,ACTGTAAACTGTCGTCAAAATACCT,GCAACTTAAAGTTACTAGTTAAATG
AD,CBU,ADCBU147,CBU2050,BC2,ADCBU2C03,TGTACTATTTATTATACTGGAGTGG,GTCAAGTGCTGGAGGAGTGATCACG
AD,CBU,ADCBU147,CBU2050,BC3,ADCBU2C04,CTTCCTGGAATACCGATCCTAAAAT,TCCGATCACTCCATATTCCTCTCAC
AD,CBU,ADCBU148,CBU0321,BC1,ADCBU2C05,ATGCATATAAAAACTGCAGATGGTA,TGCGGACTCTTTCTTAATACGGACT
AD,CBU,ADCBU148,CBU0321,BC2,ADCBU2C06,TAGAAAGTAATCTGCTGATCTGGTT,TTCTAGCTACATAACAAGCTGCAGA
AD,CBU,ADCBU148,CBU0321,BC3,ADCBU2C07,AATCTGTCTCGTCTATGCCATA,GGTGGGGGAGGGTGGTACCGGGTCG
AD,CBU,ADCBU149,CBU1622,BC1,ADCBU2C08,TCGTCGTTCCTATCCGGCCCCACTA,AATTCGTGGCAGCTATGGTCCACCG
AD,CBU,ADCBU149,CBU1622,BC2,ADCBU2C09,AACAAAAATACGTTAACCGGCAATA,TTCTACGCCCATTCTCTTCAGGGC
AD,CBU,ADCBU149,CBU1622,BC3,ADCBU2C10,ACAACATTTAAATTAGGACAGACAG,AATAGGGCCGAAAGTTTGTGGGTCG
AD,CBU,ADCBU150,CBU1623,BC1,ADCBU2C11,ACGTCAGGGTGATTATCCCTAAATG,TGGTGTCATAACCGGAGAATAACAG
AD,CBU,ADCBU150,CBU1623,BC2,ADCBU2C12,TACCCCGTACCCCGACCTGGGGCAC,CACGGGTGCTTTCTGATTATGTTTG
AD,CBU,ADCBU150,CBU1623,BC3,ADCBU2C13,TATACCTTAAAGTCATGACAAATAC,CGTTGGCCGGGTTGTTTGAGGGATA
AD,CBU,ADCBU151,CBU1624,BC1,ADCBU2C14,TTATAGAATGTCGGCTAATGCCAAA,ACTTTTTGTGGGTCTCGTCAATCGC
AD,CBU,ADCBU151,CBU1624,BC2,ADCBU2C15,GCACGTCTAGTACAACTTGCCATAC,TTTGCAGATAGGGTAGTGTTCTTCT
AD,CBU,ADCBU151,CBU1624,BC3,ADCBU2C16,TGTATAAAAATTTGTACTCATCGAG,GCCATCAAAGAGGACACACGCACAG
AD,CBU,ADCBU152,CBU1625,BC1,ADCBU2C17,CAAATAAATACCTGTAAGGTAGTAT,TCAACCTGACACATGTGGTTCTTTT
AD,CBU,ADCBU152,CBU1625,BC2,ADCBU2C18,GAAGTTCAATATTATTCGGATGCGC,GATTTGGTGTTGGAGATGTGTCCGT
AD,CBU,ADCBU152,CBU1625,BC3,ADCBU2C19,AGTTGAAAAATATGTCATTTTTAAA,GGCATCGGGCCCGGGGATCCAAAAT
AD,CBU,ADCBU153,CBU1627,BC1,ADCBU2C23,TACTCCATTTATTGTCGTGCTTTCA,TGGCATTTAGGTTTACTGCTGGTAT
AD,CBU,ADCBU153,CBU1627,BC2,ADCBU2C24,CTGGGGAAAAGCTGCAATTAGAACG,GGTATCACATGTGTGGCGTACCAGT
AD,CBU,ADCBU153,CBU1627,BC3,ADCBU2D01,GTCCCAGTTGAGCGCTATATCCTTG,AGATGAGCTTGATGTATCGTTTTTC
AD,CBU,ADCBU154,CBU1628,BC1,ADCBU2D02,TATTTTTTGTAGGATACCAACACGG,TACCCTATTTCATAATACGCCTGTT
AD,CBU,ADCBU154,CBU1628,BC2,ADCBU2D03,GGACGCTCTGACCGGCACTAAGCAA,TACTTAACGCGGCGTTTTTAAATGG
AD,CBU,ADCBU155,CBU1629,BC1,ADCBU2D04,ACCTTAGACATAAAAGTCAAATTTA,ATGTATTACTTAGTCAAGAAATGAT
AD,CBU,ADCBU155,CBU1629,BC2,ADCBU2D05,CAAAGAGACTTGATTAAAATCTCCA,CGCAACCCCAAGAGGCAGATGGAAG
AD,CBU,ADCBU156,CBU1630,BC1,ADCBU2D06,GTTCTGAGCACTACTACTTTCTATT,ACTTTTAAGGTTTGCTTGTGGACAG
AD,CBU,ADCBU156,CBU1630,BC2,ADCBU2D07,AAAATATACAGAATCAACGTGATGC,CGAACCCTATAGTAAAGATTCTGTT
AD,CBU,ADCBU157,CBU1631,BC1,ADCBU2D08,CCTCTCCACCCTGTAGCAATGAAAC,CTTTTCACAAGTAGCGGGGGGGAAA
AD,CBU,ADCBU157,CBU1631,BC2,ADCBU2D09,ACCATGCTTTCGCCCTGACCGTAAT,CTATCTTTTGCTAAGACGAGGAAAC
AD,CBU,ADCBU157,CBU1631,BC3,ADCBU2D10,AAACCATTACGTTACTAAAAGACAG,GTCCAGTTCTAATATAATTATTACT
AD,CBU,ADCBU158,CBU1632,BC1,ADCBU2D11,TCCATCGGCTTAACTTTCGTCGCTA,TTCATGATAGATGCCGATCATGTCG
AD,CBU,ADCBU158,CBU1632,BC2,ADCBU2D12,TGTATTTTTACGCTGGTACGAAATA,TCCGGGACGGAGTGGCAGCGGCCAG
AD,CBU,ADCBU158,CBU1632,BC3,ADCBU2D13,ACATATATAATAGTGGCAAAGATAG,TGAATCGTGCCTACTTCACCTGATA
AD,CBU,ADCBU159,CBU1633,BC1,ADCBU2D14,GTCAGACGAGACCGCAAACAAGCGA,TCCGTCTTGGAAGTTCGGAAGGGCA
AD,CBU,ADCBU159,CBU1633,BC2,ADCBU2D15,TGAGCATTGTAACGGTGAGTTTTTC,TTTAGGTCTTATTTCTATGAATCAT
AD,CBU,ADCBU159,CBU1633,BC3,ADCBU2D16,GTACAAGCACTCCTAGTAATATGTT,CGGTACAACAATCGTGGTATCCTGG
AD,CBU,ADCBU160,CBU1641,BC1,ADCBU2D23,ATACACTTGGCGGGAGCAAGAGTTA,GAGTGCTGCGATGTGGAAGCATTAA
AD,CBU,ADCBU160,CBU1641,BC2,ADCBU2D24,TTTTGATTTAATAATCAAGTAGGCA,TAAGATTGCCTGGCGGGTGGGTAGT
AD,CBU,ADCBU160,CBU1641,BC3,ADCBU2E01,AACGGCCATAGTGGAAAACCTGCAA,GATTGCCAAAGCAGCTGGAGCTATG
AD,CBU,ADCBU161,CBU1643,BC1,ADCBU2E04,AAAATTGACGTTAACCGATAATACA,TATTCAGTCTGACGTGCTATGAAAA
AD,CBU,ADCBU161,CBU1643,BC2,ADCBU2E05,GAATTAGTATAAGACTCAAACAATG,GTAGTGGAAACCCTTTGTATTTGTG
AD,CBU,ADCBU162,CBU1644,BC1,ADCBU2E06,TATAAGATAACAGAGTAGCTTGCTG,TGACTTAGTATCCTCAATACCTCAA
AD,CBU,ADCBU162,CBU1644,BC2,ADCBU2E07,GAATAGAATCAAATCGCTACCGCTA,AAATCGACGTCAGGCTTTCTCAACT
AD,CBU,ADCBU162,CBU1644,BC3,ADCBU2E08,GATAATAAAAGAATTGTGTGAGACT,AATGCAGTTCGTCTGTGCTTTATAA
AD,CBU,ADCBU163,CBU1648,BC1,ADCBU2E22,TATTTCAGAGACCCAAGCACCACAA,TCGGATACTTAAATCCTGTTTCTTT
AD,CBU,ADCBU163,CBU1648,BC2,ADCBU2E23,ATATCATAAAACTGAAAACCGGATT,TAGCACTCCTAAAATTATTTCATAT
AD,CBU,ADCBU163,CBU1648,BC3,ADCBU2E24,CCCCAGCATTGAATAAAGCCTACGT,TACCGCACTCGCTATTCGGTCGCAA
AD,CBU,ADCBU164,CBU1649,BC1,ADCBU2E09,ACCACAACATTTAACACCTCCCAGA,AAAAGGAGATGGGACCCAACACATT
AD,CBU,ADCBU164,CBU1649,BC2,ADCBU2E10,AACTCCCCCCCTTGCGCGAACTTTG,AGGCGGCAACGGGAGCCAGGGTCGT
AD,CBU,ADCBU164,CBU1649,BC3,ADCBU2E11,ACTTGTCGTATACCGTCACGCTCAA,GGTGCGGACGTTGTAATCATATATT
AD,CBU,ADCBU165,CBU1652,BC1,ADCBU2E15,CATATGATGTGCAAAATAGTTAGTA,CGGAAGCAAGAGGCGCTGCTGAGGG
AD,CBU,ADCBU165,CBU1652,BC2,ADCBU2E16,TTCTTAGCCCAAATAACAATAAAGA,TATATATGTTTTTATTGTTAGCTCT
AD,CBU,ADCBU165,CBU1652,BC3,ADCBU2E17,GATAGACGAAAATGGAGTGAC,TAACTACCACATCATTAGTTAATTA
DB,PRS,DBPRS01,CBU1524,BC1,DBCBU1J15,CTACGACCTGAGGCACCGGAGCACT,ACGACAATCAAATTATAGGCAGGAG
DB,PRS,DBPRS01,CBU1524,BC2,DBCBU1J16,CGATCTCCAATGGAACAAATAACGG,GTAAGGATGTTGATCTCACGACTTC
DB,PRS,DBPRS01,CBU1524,BC3,DBCBU1J17,TTTCGGAAGAACCGAGCCTCAATGG,TTTCAAGCACACTTTCTTTTATAGT
DB,PRS,DBPRS02,CBU0637,BC1,DBCBU1F02,ATGTTACGATTAATGGCTTACGATG,GCGTTTTAGGTGGTCTGTTGAAACT
DB,PRS,DBPRS02,CBU0637,BC2,DBCBU1F03,CAATTGTGCGTATACGTGCCCTGCT,TTTGCTTATGTGGTCCTTAATACCG
DB,PRS,DBPRS02,CBU0637,BC3,DBCBU1F04,GAAAACAGTAATAACACATCCCAAA,GGTGCTTCTTATCAGTGGACTAATC
DB,PRS,DBPRS03,CBU1650,BC1,DBCBU2D04,CATCGTGATGCCGCGATCCATTCCA,TGATATACACGGATGAAAATTGGAT
DB,PRS,DBPRS03,CBU1650,BC2,DBCBU2D05,CCATCATCGCAGACCAAAATGGAGT,TTAATGGGCTAGTGTGTGCTTTGCC
DB,PRS,DBPRS04,CBU1642,BC1,DBCBU2C15,TATAAGGAAAAGAGCTTTCTACTAC,GATGTGCTGCATGTCGGGCATTGTC
DB,PRS,DBPRS04,CBU1642,BC2,DBCBU2C16,GAGACTCAATATATCATTCATGGTG,GTACAGTCAGTTAGTAAATCAATAG
DB,PRS,DBPRS05,CBU1645,BC1,DBCBU2C21,AGCACATCAAAGAATTTCCATAGAC,ATACAAATGCACACGAGAGGGATTT
DB,PRS,DBPRS05,CBU1645,BC2,DBCBU2C22,AACGCAAATGAGTTCCTATACTATT,TCAGTTTCTGCCGGTTGAAATATAT
DB,PRS,DBPRS05,CBU1645,BC3,DBCBU2C23,CGCGATAATTGTTCTAACGCTAAAG,GCGTTATATTGTTCCAACTTGTGGA
DB,PRS,DBPRS06,CBU1634a,BC1,DBCBU1L07,AAGTACTATAGAAGTCTATAAGATC,TAAGTTGAGAACTGGGCTCATCGTT
DB,PRS,DBPRS06,CBU1634a,BC2,DBCBU1L08,GGCTCTAATTAATTTAAAAGTACCT,CGATGCCGTGCGTTGAATCTGTAAT
DB,PRS,DBPRS06,CBU1634a,BC3,DBCBU1L09,AAGGTCGTGCTCGTTTCACCCACCT,TTATATTTCCTAAACGCAACTTTGG
DB,PRS,DBPRS07,CBU1634,BC1,DBCBU2C10,AGTCTTCCTGGTTCACACGATGGCT,GTGTCATGTCAAATTACCACAGTTT
DB,PRS,DBPRS07,CBU1634,BC2,DBCBU2C11,GTCGACCCTCGCGCGCCTTTGTTCG,CTGGAATTTAAACATGTTAATAATT
DB,PRS,DBPRS07,CBU1634,BC3,DBCBU2C12,CACAAGTGAGTATATGCACCGAGCA,GCGGCAGTAACTATCTATGTTTTTC
DB,PRS,DBPRS08,CBU1626,BC1,DBCBU2B12,TGTCCACGGCATATAAAATGACTTT,TTTATGCCAACGCGGTTCCGACATG
DB,PRS,DBPRS08,CBU1626,BC2,DBCBU2B13,AGACTGGTATCTTTCTCTCGTACCA,TGCGGTTGTACCGTTGGCTTTGCTT
DB,PRS,DBPRS08,CBU1626,BC3,DBCBU2B14,ATATAGAAGTGTCGAACAAACCAAC,GCCTCGTGATGCGTAGCGTCAATCT
DB,PRS,DBPRS09,CBU2076,BC1,DBCBU1P01,CCCTACTACTATAGCCGCTGACCAG,AGATCCAGCAGTTGTGACTCACTAT
DB,PRS,DBPRS09,CBU2076,BC2,DBCBU1P02,TGCGAACCCTAAGATTCCTCGGTTT,TGCAATATGTCTACCCTTGCAACTT
DB,PRS,DBPRS09,CBU2076,BC3,DBCBU1P03,AACTAATACGATGCTAACAATGAAA,TCTCTGTATATTTGCTATCATATTA
DB,PRS,DBPRS10,ARL2,BC1,DBPlatinum4A14,GCCGTGTTAAGCATCTCTTCACACT,GCCTAGTAATTGACCGGTTTATTAT
DB,PRS,DBPRS10,ARL2,BC2,DBPlatinum4A15,TCCGTTAAAATCGAACTGTCCCATT,TTCGGCTTTCTCCAGTTCCCATTGA
DB,PRS,DBPRS10,ARL2,BC3,DBPlatinum4A16,ACAACCACCGGCCATAAGAGGGACA,ACAGTTTATTTTATTCCCCCCTATA
DB,PRS,DBPRS11,BCL2L2,BC1,DBPlatinum3I10,AGGTACGGAATAAGCTCGACCTACA,ACTTCAGCCCCTTGAGCTAATCCGT
DB,PRS,DBPRS11,BCL2L2,BC2,DBPlatinum3I11,CCTGTCCTCCTATAGCTTCTCGCAA,ATCGGCATAAATTCCTTGTACGATC
DB,PRS,DBPRS11,BCL2L2,BC3,DBPlatinum3I12,AGTACTAACTTCATAACAGCATATT,TCCACTCGACTGATCTAACTATCAC
DB,PRS,DBPRS12,BNIP3,BC1,DBPlatinum4A05,CGTAGATAAAGTCAAGTAACATCAG,CATAGGAAGGAATTTGATCGTGGGC
DB,PRS,DBPRS12,BNIP3,BC2,DBPlatinum4A06,GAAAGTACTAACATGGTTGTTGAAG,ACAGCTATCGGATATTCTTAAGCTT
DB,PRS,DBPRS12,BNIP3,BC3,DBPlatinum4A07,ATTGTCGCCTAATTAATGGACAAGT,AATTAATTCAGGATTCGACGTTTAG
DB,PRS,DBPRS13,BTG1,BC1,DBPlatinum3P21,ATGAATGATTTATTCCATGGTATTA,ATGTTCTTTTTCATACATTTATTTA
DB,PRS,DBPRS13,BTG1,BC2,DBPlatinum3P22,ACGTATAAGTATCCATTGTAAAGAA,TGAGATGCACAACGGAGTCCCTACT
DB,PRS,DBPRS13,BTG1,BC3,DBPlatinum3P23,TTCATGTCGCATTAGGTTACTATGC,TTATTTAGTGGTGGTGATCCATTTC
DB,PRS,DBPRS14,CCND2,BC1,DBPlatinum4A03,GCTCCTTAAGCCGTCCGCGAGAGAC,TTCGGTTGTGACGTATAGGAAGGTA
DB,PRS,DBPRS14,CCND2,BC2,DBPlatinum4A04,CTATGCTAATCGACGAATCCCCATC,GTTAGGGTCAAGGCGTGGTCGTCTT
DB,PRS,DBPRS15,CDK4,BC1,DBPlatinum3I14,ATCATGGAGGCCTGACCATTATACA,TTTGGTCTTAGATGGATTGTAGAAA
DB,PRS,DBPRS15,CDK4,BC2,DBPlatinum3I15,GACAACAAAACATAAATCAGACACA,TTCGCGCCAAGTGCGAATTTTGCCT
DB,PRS,DBPRS15,CDK4,BC3,DBPlatinum3I16,AAACTCCCCCACTCGAGATGCCATC,AGCGCCATATATGTTTCTAAAAGAA
DB,PRS,DBPRS16,CDK6,BC1,DBPlatinum4A17,GCGGAGTGAAGATTATCCAAAACTT,TCTGTTCAATCCGGACGCATACTAT
DB,PRS,DBPRS16,CDK6,BC2,DBPlatinum4A18,AATAATAGAATGAAAGTAGAGATCG,GTAGCTTCAATACTGTTATGAATTT
DB,PRS,DBPRS16,CDK6,BC3,DBPlatinum4A19,TTTTCTATACTCGTTAAGTCTCAGG,CCAGTTATTTGTATTATAATCTAAT
DB,PRS,DBPRS17,EXOSC1,BC1,DBPlatinum4A23,ATATTATCGCAGTCGTGACTTAGTG,TAGGGTATAGGGTTTATGGCTTGGA
DB,PRS,DBPRS17,EXOSC1,BC2,DBPlatinum4A24,AAAATGAATCTACAGGAAATTATAT,CTACGATGACCGTCTTTTCTAGGCT
DB,PRS,DBPRS17,EXOSC1,BC3,DBPlatinum4B01,TAATGTTTCTGGGAGTCAAAGTAAC,GCCACTTTTAATATGGATCATTTGT
DB,PRS,DBPRS18,IKZF5,BC1,DBPlatinum3I13,TTCACTCGTAGAACTCTTCTGTTGC,TTCTTTCCTTCTAAATTATGTTGGT
DB,PRS,DBPRS19,LDLRAP1,BC1,DBPlatinum3P13,AAGGACATAGATTATAATACAAAAC,ACCAGTAACTCACAATTTTACCTTG
DB,PRS,DBPRS19,LDLRAP1,BC2,DBPlatinum3P14,CTCCTTAGCCCTGGAACTCATATCA,TTATTTACTGATCAGTCCGCCATCG
DB,PRS,DBPRS19,LDLRAP1,BC3,DBPlatinum3P15,CCCACTGAATCCATAGGTGACACAC,GACTTACATCAATTGTACAGACTAT
DB,PRS,DBPRS20,LSM2,BC1,DBPlatinum3P10,ACGACCTTATGGTTAGTAAATTGAT,AGAATTTAACAACCTTGCGTCCGGA
DB,PRS,DBPRS20,LSM2,BC2,DBPlatinum3P11,CCAAAAATAAGACAGCAAGAACT,TCTTAGACTCAAGCTAAATCTACAC
DB,PRS,DBPRS20,LSM2,BC3,DBPlatinum3P12,AAAATATATATGGCTATAACAAAGA,GGTGCCATCATTAAGTTAGTCGATT
DB,PRS,DBPRS21,MORF4L1,BC1,DBPlatinum3P18,GCCGCAAGTGTTTATGCTTCGGACT,GTCTTCGACCGTTTAGAGGTTAGCT
DB,PRS,DBPRS21,MORF4L1,BC2,DBPlatinum3P19,CGCCGACCCCCGCGACCGTAGCAGC,TTACAGTATTCGCCGCTAATATCGT
DB,PRS,DBPRS21,MORF4L1,BC3,DBPlatinum3P20,CATAGTCCCTCTCTCACTAGTGGAT,CGAACACTTTCTTCTTCATCGTATG
DB,PRS,DBPRS22,MRFAP1,BC1,DBPlatinum3P07,CTGAAAAGTTTATAATGCAGGGGAC,TTTTGGATGTTACTTAATTAGTGGG
DB,PRS,DBPRS22,MRFAP1,BC2,DBPlatinum3P08,AGGACTCGAATGCTAGTACTAATAA,ATGGAGTAGAAGTCTTGGGTTTCTA
DB,PRS,DBPRS22,MRFAP1,BC3,DBPlatinum3P09,ATATCGGCCAAATTTAAGAGCAGAA,GAATTTCACTCTGAACTAGAAATTA
DB,PRS,DBPRS23,PSMC1,BC1,DBPlatinum4A11,TAGTCCTAAGCGAGGTGAAACAACG,GTTGCCTCTTGAGAATAGCTATGTG
DB,PRS,DBPRS23,PSMC1,BC2,DBPlatinum4A12,GCCCAAGTGATACGGTGAATTCACG,GGCGAACTGATAACCCAGGGTCCAG
DB,PRS,DBPRS23,PSMC1,BC3,DBPlatinum4A13,GACGGAGTTCAATTGATAGAGCCAA,TCATATACGGTAAGATTTATTTAGT
DB,PRS,DBPRS24,PSMD5,BC1,DBPlatinum3P16,AAACACTAAAAAGCCGTTTTATTAA,TGTTTTACGCGAACTAGACAGATCA
DB,PRS,DBPRS24,PSMD5,BC2,DBPlatinum3P17,GCATAGGACGTCTTGCATGGAGACT,TTTTTTGGGTGTGATTAGATATGTA
DB,PRS,DBPRS25,S100P,BC1,DBPlatinum4A08,CAGCTCACTATTGAATGGGCTCTAC,TATTATAATATTTCTATTTTCCAGA
DB,PRS,DBPRS25,S100P,BC2,DBPlatinum4A09,TCCTTACCAGATGTAGTGAACTCGC,CCACCTCACTCTTGTGGAGGTTGTT
DB,PRS,DBPRS25,S100P,BC3,DBPlatinum4A10,AATTCACTGTAAGAAACCCCCGCAA,ATAGTCACGCTCCATCGTCGTTCGG
DB,PRS,DBPRS26,SH3GLB1,BC1,DBPlatinum4B02,AACACAATGGCTCTGATACCTCCGA,TAACATACCAGATGCTGTTCGACAG
DB,PRS,DBPRS26,SH3GLB1,BC2,DBPlatinum4B03,ACAGCTTATAGAAGAGTTCAAAGAT,GCTATCCTTCGGACTCGAGGGTGCA
DB,PRS,DBPRS27,TSG101,BC1,DBPlatinum3P04,ATCCAATATTACAGCGTCCGTCCAC,AACTTTTAGAACTGTTTGTGTTATT
DB,PRS,DBPRS27,TSG101,BC2,DBPlatinum3P05,AGACACCATAAAGCACTGAGTTCCA,ATTTTACGAGATGTCAGGATGACCA
DB,PRS,DBPRS27,TSG101,BC3,DBPlatinum3P06,CAACTTACAATGCATCTACCCAGAC,CTTCATGGCAGATATATGCTCAACG
DB,CBU,DBCBU01,CBUA0006,BC1,DBCBU1A01,AGTGGCATTTAGGCAGCAGACTAAG,TCCATTATCATAGACGCATCGTGGC
DB,CBU,DBCBU01,CBUA0006,BC2,DBCBU1A02,GTCAACACCGAGCGGAAACAGTAGT,TTTGTAACCAGTTCTGCTTCTATGG
DB,CBU,DBCBU01,CBUA0006,BC3,DBCBU1A03,GACAGCGTCACACGGCCCCGGGAGG,TATATGTGTCTTCTGTGGGTTTAT
DB,CBU,DBCBU02,CBUA0013,BC1,DBCBU1A04,CGCCCCTTATCCTGCCACTGGCCTC,AATTTATGATTCTCCGTGTCTTAGG
DB,CBU,DBCBU02,CBUA0013,BC2,DBCBU1A05,CTGGAATGGGACCCACTCCGTTAGG,TGAAAGTAAAGGTCTCTAGCATAGT
DB,CBU,DBCBU02,CBUA0013,BC3,DBCBU1A06,GTTACGGGAAGCTTATAGAGACACT,ATAGTGGGATCTAACCAACACTAAA
DB,CBU,DBCBU03,CBUA0014,BC1,DBCBU1A07,GTGCTGTTTGTAACCAACAGTTACA,CTTACTTGTACTTGTTATCTCACCC
DB,CBU,DBCBU03,CBUA0014,BC2,DBCBU1A08,GGCATGGAAGGACACGACAAGGAGA,GAGGTTGAGAAAGGTATCTCGATTT
DB,CBU,DBCBU03,CBUA0014,BC3,DBCBU1A09,AGTTAAAAAACTAAAGTGGGCTTTA,AGAGTGCTTAGACAATATACCAGTG
DB,CBU,DBCBU04,CBUA0015,BC1,DBCBU1A10,AGCGACTGATCAAAGAATTTGTTAA,GTATCAAGGTAGCTACCCAGGGATC
DB,CBU,DBCBU04,CBUA0015,BC2,DBCBU1A11,TTGACCACTTCGCACCTACACAAAG,ATATTATATTCTAGCAGATGTCATT
DB,CBU,DBCBU04,CBUA0015,BC3,DBCBU1A12,TCACTCCAATAAGAGTGCGTAAAAG,GGTTTCGTACGTCTCAACTATATTG
DB,CBU,DBCBU05,CBUA0016,BC1,DBCBU1A13,ATCGTGAGAAGACTTTTGCCCGCCA,GTCTCTAATGTTAGTATTCATGGAG
DB,CBU,DBCBU05,CBUA0016,BC2,DBCBU2D11,TCACCCGCAACCTGTAATAAAGGCG,AACAAACCTACAGATAGCGGTATAA
DB,CBU,DBCBU06,CBUA0019,BC1,DBCBU1A14,TTGTACCCATATAGGTCGGCCTGCT,ATATGATGCTTGCTTCTTAGGTATT
DB,CBU,DBCBU06,CBUA0019,BC2,DBCBU1A15,AGTCGCCTCGAGCACAAAGCTGCTT,CCGTATCACGCAAGCCCTACACACG
DB,CBU,DBCBU06,CBUA0019,BC3,DBCBU1A16,TGAATCCAACTCCGACCGCCATATG,TAATACGGTGTCAAAAGGCCCTTTT
DB,CBU,DBCBU07,CBUA0020,BC1,DBCBU1A17,GGCTGGATGAATTACCATAGACTAA,TTGGCACCCATCGTTGGTAAATGCA
DB,CBU,DBCBU07,CBUA0020,BC2,DBCBU1A18,ATGGCGATAAGTTACCTAAATAATC,GGTAACGGTACCCGAGTTTGTTCTT
DB,CBU,DBCBU07,CBUA0020,BC3,DBCBU1A19,GCTCTAACAATTCTCCGTACGAAAC,AATTGAGAAAGTAGGCGGGGGGTGC
DB,CBU,DBCBU08,CBUA0023,BC1,DBCBU1A20,GCGAGAAGACACACTGCTAATTCAA,CAACACCTTTTAAGCTAATCATGGC
DB,CBU,DBCBU08,CBUA0023,BC2,DBCBU1A21,TAAAGACAACCACAAAGCCGAACAC,TGTATCTTTCATAAAGCGGGCCGTG
DB,CBU,DBCBU08,CBUA0023,BC3,DBCBU1A22,TAGGGAGCTTAATCTAACAATTAAA,TAATTCATATTGTGATAAGTCTTAA
DB,CBU,DBCBU09,CBU0012,BC1,DBCBU1A23,TCCATTTTACATGGCGACAAAACTA,AACACCACGGGAACTGAAACTCTGA
DB,CBU,DBCBU09,CBU0012,BC2,DBCBU1A24,GCATAGAGTAGCTAAGTAGGGTGGT,AATATAATTTTATCGACCTTTTTTG
DB,CBU,DBCBU09,CBU0012,BC3,DBCBU1B01,CCCTTCTCTCTAGCTCCAATTTAGT,CCTTAATAGGGCATGCATAAG
DB,CBU,DBCBU10,CBU0021,BC1,DBCBU1B02,GATTCAAAGTCCTTTGATACTAGAA,TTAAGCAGCACAAGTTAATTTACTA
DB,CBU,DBCBU10,CBU0021,BC2,DBCBU1B03,TTAATGAAAAGAACTAGAATACAAA,CGATAGTTTGTCGCTTATCAGACTA
DB,CBU,DBCBU10,CBU0021,BC3,DBCBU1B04,GGCTCCGGCCGGATCCCCTGCCCGG,TCCACCGTGTTCCACCTTCGTAGTA
DB,CBU,DBCBU11,CBU0041,BC1,DBCBU1B05,AGTACTGCGACAAACCTACACGCCA,CTAAATCATTTGTATTAGAATTTCC
DB,CBU,DBCBU11,CBU0041,BC2,DBCBU1B06,TTAGATCAAGAGACGTTCTTACC,GATACTTGCAGGGCAGACCTCCTTG
DB,CBU,DBCBU11,CBU0041,BC3,DBCBU1B07,AGCCCCCCATCTAGTGTGCACAATC,GGCCATGCTTGTTATCATGCTCCTA
DB,CBU,DBCBU12,CBU0062,BC1,DBCBU1B08,CTGCTAAAGACGTTAAAGATCATAC,GGGTTTTTTCTAGCTGTCACATGGG
DB,CBU,DBCBU12,CBU0062,BC2,DBCBU1B09,ACTGCAAATCCACCTAATATGTGCA,GTGTGTCTCTTAATTTCATTCAGAA
DB,CBU,DBCBU13,CBU0069,BC1,DBCBU1B10,AACTGTGTCCATTACAAAAACACAT,CGATTCCCTCGATACAGTTAAGGGG
DB,CBU,DBCBU13,CBU0069,BC2,DBCBU1B11,AGTTTAAATTATTATTTTTTGTTTT,ATTTACTCGTGCTTACGCTAAATTA
DB,CBU,DBCBU13,CBU0069,BC3,DBCBU1B12,TGCCATCCGGGCAAGCAGTTAACCG,TTTTTCGGCTTCGGAACGAATTTTT
DB,CBU,DBCBU14,CBU0071,BC1,DBCBU1B13,GTAAAAACAAATAATGAAAAGGACT,AATTTATGTTATCTTAAGCGGAAGG
DB,CBU,DBCBU14,CBU0071,BC2,DBCBU1B14,GACCTACTAACGACAAGCTCTGGTT,CGAATCATTTCTCATCGGTGCCAGT
DB,CBU,DBCBU15,CBU0072,BC1,DBCBU1B15,TAATAACGATTAGGCTGTTGTATAG,AGTCACTAGCGATCTGATAAGTCGT
DB,CBU,DBCBU15,CBU0072,BC2,DBCBU2D12,GCGCCGACGTAACCCGACTGATTTG,TCGTTTCGAACATTTGTGTCTCGAA
DB,CBU,DBCBU16,CBU0077,BC1,DBCBU1B16,GCCTTTCTATCACTTTACCGAGAAA,GTACAGTACTTGTAGGTGCACCTGG
DB,CBU,DBCBU16,CBU0077,BC2,DBCBU1B17,GTCCCGCCTACATCGGTGGTGACAA,CACTCTAGTGATCTGAAGACACAAT
DB,CBU,DBCBU16,CBU0077,BC3,DBCBU1B18,TCTTCTCATTAACTGCGTCATTGCC,CTGCACTTGTACAGTTAAGAGATCT
DB,CBU,DBCBU17,CBU0080,BC1,DBCBU1B19,GCGGCATGTTTTTCTAATGATGATG,TATTAGCATTATGCTCTATACCCTG
DB,CBU,DBCBU17,CBU0080,BC2,DBCBU1B20,GGACGACGCTATGAAGAACCCGTAA,AAGAGGGCCGTTAGTAATAATCTTG
DB,CBU,DBCBU17,CBU0080,BC3,DBCBU1B21,TGTACACGTTGGCAACCATACCAAA,GCTTCCGTTCATTGACTCTGTTGATC
DB,CBU,DBCBU18,CBU0113,BC1,DBCBU2D08,CATTTGAAACTCCTATTTCTTAGAT,GACGATCTCTAGGCGAGATTGGTAG
DB,CBU,DBCBU18,CBU0113,BC2,DBCBU1B22,TATTACTAAGTCGAATTAAATTAGA,ACGAGGTTTCATTTGGCTTTAGGAG
DB,CBU,DBCBU19,CBU0122,BC1,DBCBU1B23,CTGTAAAAGGATAAACCAAGTGTTC,GTAGTTATCCTCCTAGCTGCGATGT
DB,CBU,DBCBU19,CBU0122,BC2,DBCBU1B24,CCGGTGTCAAAATTGATTTGAATCT,ATATAGTTTGGGTATTATTGCTACC
DB,CBU,DBCBU19,CBU0122,BC3,DBCBU1C01,TCTAAGTTATGGCCATTACAGTGAG,GTCATAAATATGTACCTAGCTGGTC
DB,CBU,DBCBU20,CBU0129,BC1,DBCBU1C02,TCCCACCATGCCGGCCCGGGTCCGC,ATCGACTAAATGGCTGCTACATTAT
DB,CBU,DBCBU20,CBU0129,BC2,DBCBU1C03,GCCCTTAACGATCATCATGGTCACG,CTTATCCATGTGTTAAAACTCTTCT
DB,CBU,DBCBU20,CBU0129,BC3,DBCBU1C04,CTTGTTAACTTGCCTACCGTCCCTA,TATTAACCATGTAACTAGATCTTTG
DB,CBU,DBCBU21,CBU0144_0145,BC1,DBCBU1C05,CTTTACACACAATTAAATTTTGCAC,ATGTTTCTTATTTTAAAGCCGGTTC
DB,CBU,DBCBU21,CBU0144_0145,BC2,DBCBU1C06,GGCCACGCCACCTCGACACAATATA,GGCCAAGGTTCGTTGGGTGAGGGAG
DB,CBU,DBCBU21,CBU0144_0145,BC3,DBCBU1C07,CGCCATCTACCCATATGAATCCGGT,TGTCAGAGTGTAGTAAACGTTTCTA
DB,CBU,DBCBU22,CBU0175,BC1,DBCBU1C08,TGCGCCTATGACGGATATAACGCTG,ATTGTTTACCCTCCTTACAATCCCT
DB,CBU,DBCBU22,CBU0175,BC2,DBCBU1C09,TGTGATAGAAAAAGACGCAGTATCT,CGTCAGCTGACCAGGGGTTGGGCAC
DB,CBU,DBCBU22,CBU0175,BC3,DBCBU1C10,CTCACGTACTATTATCAATACTGTT,CAGCCAATCAAGGCGGGAACTCGAT
DB,CBU,DBCBU23,CBU0183,BC1,DBCBU1C11,CTTTCCGACAACCTCAAACTACCAC,TTTTGTACAGGCGCTATCTAGTATG
DB,CBU,DBCBU23,CBU0183,BC2,DBCBU1C12,TGAGATCAGATCGCACCAGCGTAAC,ATATGTGAAGTCTATTTGGTGCGGT
DB,CBU,DBCBU23,CBU0183,BC3,DBCBU1C13,TTAGGCAAGTGTTATACGGTCAGAT,ACGCGTGATACGTTTTATTTATAAT
DB,CBU,DBCBU24,CBU0201,BC1,DBCBU1C14,TACAAGACTTAAAGAGAACCACACA,AGTTCCCTAAGACTAAACGCTATAC
DB,CBU,DBCBU24,CBU0201,BC2,DBCBU1C15,CAATATCTGATTACCCCGTGCTGGT,ACATCTACATGCCGTTTGAGGACAG
DB,CBU,DBCBU24,CBU0201,BC3,DBCBU1C16,AAAGTGGGATATAACAGTATTCCAA,TTTGGTCACACGACGGTAGGTAGAC
DB,CBU,DBCBU25,CBU0212,BC1,DBCBU1C17,CATTCCCTCTGATCAAAGCACAAGA,TGATCTCTCCCTCAAGTTTCATTTT
DB,CBU,DBCBU25,CBU0212,BC2,DBCBU1C18,ATCGTAGACAGAATGGCTGGTACAA,TTCTATATCATAGGTTGATATGAGA
DB,CBU,DBCBU25,CBU0212,BC3,DBCBU1C19,ACCGTCCTTTACGGACAGTATGCTA,AATATGAGAATTGACTAATGTGCGC
DB,CBU,DBCBU26,CBU0270,BC1,DBCBU1C20,GCAATTCCGTTATCAAGATAGTTAA,CTTGAGAAGATTGTATATTCTTTAG
DB,CBU,DBCBU26,CBU0270,BC2,DBCBU1C21,ACATGCGAAGAAACGGTGCACGTTA,AACATATAAATGCCAGTGTTGTCTG
DB,CBU,DBCBU26,CBU0270,BC3,DBCBU1C22,ATGTAGCAAACAATAATTCGTTACT,CAGCTCTGTTTCATTCAATCGACTT
DB,CBU,DBCBU27,CBU0295,BC1,DBCBU1C23,CCCTACAAATGACT,GGCACATCAACACCAGTGTTAACTT
DB,CBU,DBCBU27,CBU0295,BC2,DBCBU1C24,CGTAGCAACCTACCACTCTCACACGATCTCCAGCGCATGTATAA,TTCTACAACATATGCTTTCTGCCTA
DB,CBU,DBCBU28,CBU0329,BC1,DBCBU1D01,CGCGCGTAACTTTATTATGATTACT,CAGCGTCTGTCTAGTAACTAATATT
DB,CBU,DBCBU28,CBU0329,BC2,DBCBU1D02,ACGTATGAGCTCACCAATGTCTGAA,TTTGTAGTTTGTGCTATAAACTGTT
DB,CBU,DBCBU28,CBU0329,BC3,DBCBU1D03,TACCCACGGGCTCCGGGGGACCCCT,ATTATTATCCGCTTTGCTGTTTCGT
DB,CBU,DBCBU29,CBU0344,BC1,DBCBU1D04,AGCAGGTAATGCCAAATGATGCAAT,ACTCGCTGAACTGCACTGCTTTAAA
DB,CBU,DBCBU29,CBU0344,BC2,DBCBU1D05,GCCACGTTATTCCAGTGTTACTGTT,TAAAGTGGACATCTGATTTGGACCC
DB,CBU,DBCBU29,CBU0344,BC3,DBCBU1D06,ACATAAGTCGTAAAGCTAAATTAGA,TGCACCTATGTCAGGTGCGGTAAGG
DB,CBU,DBCBU30,CBU0372,BC1,DBCBU1D07,GTGCGGAATAGGTAGACCTACATAA,TTTGGTGAGACCGTCGTCCTGTCAC
DB,CBU,DBCBU30,CBU0372,BC2,DBCBU1D08,CTGCCTTGAAAGCATCTTTCATGCA,CCGGGCAACTTTACAGTTTAGATAG
DB,CBU,DBCBU30,CBU0372,BC3,DBCBU1D09,ACGGGCCGATAGTAAATTGTTCGCT,CTCGTTACTACTTAGGGAATGTTAC
DB,CBU,DBCBU31,CBU0375,BC1,DBCBU1D10,ACGGGAAGCTACGGGTAAGATTGAG,TAGGGTATCAAATTTGGGAGGGGCG
DB,CBU,DBCBU31,CBU0375,BC2,DBCBU1D11,GCAGTTCTGAGTGAAAGTAATTGTG,TTTTACTTAGCTTCGCTTACACACC
DB,CBU,DBCBU32,CBU0376,BC1,DBCBU1D12,CTTCTCCAACATCACAGAGGCAAGG,GAGGAGGCTTGGATATGCATACGTG
DB,CBU,DBCBU32,CBU0376,BC2,DBCBU1D13,GACCGCGGAGACCTCACCTATGATT,CTAGATTGTAAGCGTGCGCCAATTT
DB,CBU,DBCBU33,CBU0388,BC1,DBCBU1D14,CCTATTAATCGTGAGGACGTCAATC,ATATATGACCGTAACTTAGCGCTCT
DB,CBU,DBCBU33,CBU0388,BC2,DBCBU1D15,TGCCCGCCCGGGCGGTATACAGTTT,CGACAAATTATTATTCGCAGGCCAG
DB,CBU,DBCBU33,CBU0388,BC3,DBCBU1D16,GGCTTTACAAACCTAAATTTATTCG,AGAAATGGAAATTGTTCCAGGCAGG
DB,CBU,DBCBU34,CBU0393,BC1,DBCBU1D17,GTCGAAATCATTGACTAAGCGCTAC,ATCCTGCGAAGGTTTAGCGATATAT
DB,CBU,DBCBU34,CBU0393,BC2,DBCBU1D18,CCGCCGACGCCACCCGCGTGCCCGC,ACGTGGTTTTATTCTATTAATGGTC
DB,CBU,DBCBU34,CBU0393,BC3,DBCBU1D19,GCGTAAATGCTATCCACTCTGATAT,CCCTCGGGCTCAATAATTCCAGTTG
DB,CBU,DBCBU35,CBU0410,BC1,DBCBU1D20,AGTTCAGGACGTACGAACTCAACAA,TGAGATTTGTTACGTCATTCTGAAG
DB,CBU,DBCBU35,CBU0410,BC2,DBCBU1D21,TAAGGATCACGGGATGCAATGGTCT,TTCCAATTGATCAGTGTTACATTTT
DB,CBU,DBCBU35,CBU0410,BC3,DBCBU1D22,CTGTTCGGAGTATGACTTCAAAATT,TCTTGGACCCTACTAAATCGGAAAC
DB,CBU,DBCBU36,CBU0414,BC1,DBCBU1D23,TACCGAGCTGGGCGCTATCAAATGA,TGTTAATTTTATAACTCTATGTCT
DB,CBU,DBCBU36,CBU0414,BC2,DBCBU1D24,GATACAATCACCAATAGTTTTACAT,TTTGAGATCTGCTCAAATTATTTCA
DB,CBU,DBCBU36,CBU0414,BC3,DBCBU1E01,TGATTGATGCCAAAGAAAAGTAGAG,GTAGTTTTGGCACGGTATTTAATAC
DB,CBU,DBCBU37,CBU0425,BC1,DBCBU1E02,AATCTCCTACTTATAGGTGTAGTAT,TGCACTGGTACTATATTCGGTACTG
DB,CBU,DBCBU37,CBU0425,BC2,DBCBU2D13,TACCCTACGGACGCAGGGTCTGCCA,TTATGCAACCTATATTCGGGTTGAA
DB,CBU,DBCBU38,CBU0447,BC1,DBCBU1E03,TCTACGATGTCTCTGCGCAGAATTG,CTAATCATCATCTTGGGTTCTTATA
DB,CBU,DBCBU38,CBU0447,BC2,DBCBU1E04,CTGGGCGTGCGAACGCACTCTCGGG,AAGAACGCAAAGCATGCAGTCGGTA
DB,CBU,DBCBU38,CBU0447,BC3,DBCBU1E05,TTTTCCCCTAACAGGAGCCGAGGTT,GGTGGAATCTAATTTAGCCGTAACC
DB,CBU,DBCBU39,CBU0469,BC1,DBCBU1E06,CCACAAACGTCATTTTAGGAAACGG,AAATGATACGGTTATTAGATAAGCT
DB,CBU,DBCBU39,CBU0469,BC2,DBCBU1E07,TTAATTCATATAACCTAAAACAGGG,GCATCCTTATTCAGCCAGACCACAT
DB,CBU,DBCBU40,CBU0513,BC1,DBCBU1E08,ACTGTTTTAGTTTGGTCCTTAGGTG,TTGAGTGCTTTCATATAAAGATATT
DB,CBU,DBCBU40,CBU0513,BC2,DBCBU1E09,GAAACTGGCAAGACGTCGAATTCGA,TCTGTGATTGTGTGTATCCTATATG
DB,CBU,DBCBU40,CBU0513,BC3,DBCBU1E10,CCAGGTAGATTTATCCATTAAGTGT,GTCTATTGAGTATAGCGTCGGGACG
DB,CBU,DBCBU41,CBU0534,BC1,DBCBU1E11,CCCTGTCCCAGTAGTGGGGCGGGTC,CACTTATACTTTGTTCCATGTAAGA
DB,CBU,DBCBU41,CBU0534,BC2,DBCBU1E12,CTCTTACTGAGAGTATGACCCTATCT,AGCAGGACGAGGGGCTCGGGGGGGG
DB,CBU,DBCBU42,CBU0590,BC1,DBCBU1E13,CTCATTCTGTTGGATAACAACAAGA,CGGACCAACGTTGGTTGGGGTAAAT
DB,CBU,DBCBU42,CBU0590,BC2,DBCBU1E14,ACCCGCTTGGGACCGTTGAGGCAAG,ATCGAATTTACGTTCAATTTGCAAA
DB,CBU,DBCBU42,CBU0590,BC3,DBCBU1E15,AAGGTCTTAGGGGTGATATTTAAAA,TTGACTTTATTGGTACCGATGTTGT
DB,CBU,DBCBU43,CBU0600,BC1,DBCBU1E16,GCGGTGTTATAAAACGATACACATG,AACTCACGTATTACCGTGTAGAGCG
DB,CBU,DBCBU43,CBU0600,BC2,DBCBU1E17,ATGCCCACATGCCCTTGTACGTACT,CGGGACAGTAGGTTACTAAGGACTC
DB,CBU,DBCBU43,CBU0600,BC3,DBCBU1E18,ACTGGCGTAATATAAACCTGCAGTA,TGTTACTACTCGCTAATTTTGCCAA
DB,CBU,DBCBU44,CBU0606,BC1,DBCBU1E19,GTTTAAACTACATTGTTTACTGACA,TATGCCTGTAACCCGTTTGATTTAT
DB,CBU,DBCBU44,CBU0606,BC2,DBCBU1E20,TACATATTGAACGTACATCAGTTAT,ATCCTCCGGTCGCTCTTCGGTTCGT
DB,CBU,DBCBU45,CBU0626,BC1,DBCBU1E21,CAAAAACAAAAAAAATCGACCGACG,CTCGTTCATATAAGTTAGGCTGG
DB,CBU,DBCBU45,CBU0626,BC2,DBCBU1E22,AGACCACCAGACCTTCGATAATAGA,TCCTCTGCCACTGTTAAGTCAACCT
DB,CBU,DBCBU46,CBU0635,BC1,DBCBU1E23,CCCCAAGTTGAGGTCTAAACAAATC,AGCCAATTGAAGTATAACTAGGGCA
DB,CBU,DBCBU46,CBU0635,BC2,DBCBU1E24,GGCCTCCGTGCTGCTGATAGTTGAT,TAGGACAGACAACGTTTCGGTCAGA
DB,CBU,DBCBU46,CBU0635,BC3,DBCBU1F01,GCCGAAGTCGCTAATTGAAATCGGA,TATGTCTTAATGCACGACATTGTAC
DB,CBU,DBCBU47,CBU0665,BC1,DBCBU1F05,TCGTACCCCTTTATTATGCACTTAT,TTTTATCAACTGTCCCTGGCGGCGT
DB,CBU,DBCBU47,CBU0665,BC2,DBCBU1F06,TATCCATGTTGATAGCGATTATAA,GCGGAGGGCGGCCACGGTGCCTGGT
DB,CBU,DBCBU48,CBU0773,BC1,DBCBU1F07,TGTTCGAGTCAACATTGCCAGACTA,GGGCTAGGTGCTTAATGCCCTAGGA
DB,CBU,DBCBU48,CBU0773,BC2,DBCBU1F08,TAATAGACTAGCTATCAAAAACGAC,ATTGCTTAGGCATTCTTATATGCTA
DB,CBU,DBCBU48,CBU0773,BC3,DBCBU1F09,TAAACCTCTGAAACCCGAACAATAA,CTTAATAAATCGTCACCTTATACTC
DB,CBU,DBCBU49,CBU0781,BC1,DBCBU1F10,TGAATGCAGAAAACAGATTAATCAA,CATTGAGAATTCTATCTTTAAGCGT
DB,CBU,DBCBU49,CBU0781,BC2,DBCBU1F12,GAAACGCGGCGAAACGATCGATGCG,GAGTTTTATTAAGGACGCTTTCCGG
DB,CBU,DBCBU50,CBU0794,BC1,DBCBU1F13,TCAATGTCCCGTCAAAACTAAAAAT,CAATATACTACGTTCTGTAATTACA
DB,CBU,DBCBU50,CBU0794,BC2,DBCBU1F14,TGAAATAATATTCCCGAAGACGGTA,CATCATCGTCTGTTTGATCATGGGA
DB,CBU,DBCBU50,CBU0794,BC3,DBCBU1F15,AAAAAGGGAACACGTCGGAAGTACC,CTCAAAGTTCATCTAAAACCACAAT
DB,CBU,DBCBU51,CBU0801,BC1,DBCBU1F16,GCGGTCGACAGTACCAAATAGTCAG,TGTGATTAACCATTTAATTGTACGT
DB,CBU,DBCBU51,CBU0801,BC2,DBCBU1F17,CGATATATTATGAGGTATTAATGAT,TTATGGTGTAAGGTATATAGTTCGA
DB,CBU,DBCBU51,CBU0801,BC3,DBCBU1F18,CGCCGGGGTATTGGAAGGCCTGAAC,AACCACGATGCATTAGGGGCTAATT
DB,CBU,DBCBU52,CBU0814,BC1,DBCBU1F19,TAAGGTCAATATATTCCTCAATTGC,TATTGTTATTCTAGGTATACCGGTA
DB,CBU,DBCBU52,CBU0814,BC2,DBCBU1F20,TGCACTGACTGTAGTCGC,AATCTCGATGTTTCAGTTAAAGAAA
DB,CBU,DBCBU52,CBU0814,BC3,DBCBU1F21,GAACAATGGAAAAAACCTACAAGCT,ATTCGCCTTTCTATAGTCTGCCTCA
DB,CBU,DBCBU53,CBU0881,BC1,DBCBU1F22,TCCATACCAACAGGGGATAGACGCG,ATTTTCAGAAACTTGTTATGTAGTC
DB,CBU,DBCBU53,CBU0881,BC2,DBCBU1F23,GCCAAGTTCTACCCGAGATTCGCCC,CACCTATTATCTAAGATCGAAACTT
DB,CBU,DBCBU53,CBU0881,BC3,DBCBU1F24,AACGTATCTTCAAGGTTTCTCAGCA,TAAATCAAGCCTCCTTACCATGTCA
DB,CBU,DBCBU54,CBU0885,BC1,DBCBU1G01,TCCCTCTAATCAACCGCGCGTGAGC,CGTATTTATTATAATGAAGTTTCAG
DB,CBU,DBCBU54,CBU0885,BC2,DBCBU1G02,CAACGAGCACGCAATTATTCAATAG,TATGGGCTTAAAATTTCATTCTACG
DB,CBU,DBCBU54,CBU0885,BC3,DBCBU1G03,TTACGCCAATGCAAGAAAATACATC,CACATGATCAATGTATATTCTTACC
DB,CBU,DBCBU55,CBU0937,BC1,DBCBU1G04,TTTATATGATTGTTACTTAGATACA,TTGGACTCCAGCGTTTCGATCAAAG
DB,CBU,DBCBU55,CBU0937,BC2,DBCBU1G05,TGAATCAAATAATCTTACTGTATTG,TATGAGCAATGGAGTCTATTATTAG
DB,CBU,DBCBU55,CBU0937,BC3,DBCBU1G06,TGTTGGGATGAGGCTGGCCCGCAAT,AGCAGGTAGGGTGCTAATAAAATAA
DB,CBU,DBCBU56,CBU0978,BC1,DBCBU1G07,GCTGGCGTGATGAAACTACTACACC,AGAGCAGATGTAACATACTTCCGGG
DB,CBU,DBCBU56,CBU0978,BC2,DBCBU1G08,ATACTAGAACAAAAAGGTATTGTAA,ATATATAATCAAGTCTGCAAAAATG
DB,CBU,DBCBU56,CBU0978,BC3,DBCBU1G09,ATCCTCCGCTATACTCATTCAGAAA,TTCTTAAATCCACTGTTTCTATTTT
DB,CBU,DBCBU57,CBU1025,BC1,DBCBU1G10,TCTCATGTGAAGGCACACTCACCCGCTACGAAATAACA,TATATTATCTTATTCTGTCGTTATT
DB,CBU,DBCBU57,CBU1025,BC2,DBCBU1G11,GGTTGTTATCGGTCTATAGCTCAAA,TTTTTTATGAGCCCTTATTTATCTA
DB,CBU,DBCBU58,CBU1045,BC1,DBCBU1G12,CTATCAAAAGGGTTTTTCAGGAAAA,CATCTATTTCGTGTAGATCTTAAAT
DB,CBU,DBCBU58,CBU1045,BC2,DBCBU1G13,ACCAATCAGTGCTACGTGTCTGTCT,TTAATCTGTACATAGGTTTGGAATT
DB,CBU,DBCBU58,CBU1045,BC3,DBCBU1G14,AACCCAGTCGGGACCCTGTTGGAAA,GTTACCCTATACAGCTTTGTCATCT
DB,CBU,DBCBU59,CBU1079,BC1,DBCBU1G15,GTTCATACATATTCCCACCGAGTAG,ATGGAGGGCATGATATCACCTTTTT
DB,CBU,DBCBU59,CBU1079,BC2,DBCBU1G16,AGACCTTATGAACCAAGAGAAATAG,AACACAAAACAACCACAACAATGTA
DB,CBU,DBCBU59,CBU1079,BC3,DBCBU1G17,GACACCACAAACTAAACAGATTGTA,TGCCCTTAGTAAAGTTTTCAATGTT
DB,CBU,DBCBU60,CBU1102,BC1,DBCBU1G18,AAGAGGTTTATTCCGTAATCTAAG,TAGCGTACTAGCGCTCTAGTTGAT
DB,CBU,DBCBU60,CBU1102,BC2,DBCBU1G19,GTGTCTAATATACATACATGTACTG,CTAGATTACAACTTCACTATTTTCT
DB,CBU,DBCBU61,CBU1107,BC1,DBCBU1G20,CTCACTTAAGGTAAAGTTCAGAAAC,GCGCTTTTGGATGAGCTATTCTGTT
DB,CBU,DBCBU61,CBU1107,BC2,DBCBU1G21,CTAGACCCTGTTTGTGCTAATCTTG,GGCGGCGGGCCTACAACAGGAGCCA
DB,CBU,DBCBU61,CBU1107,BC3,DBCBU1G22,TGTGCATGTTGTGCCATCCGGTCTT,AATCAAGGCGTCTGTTCACATGATG
DB,CBU,DBCBU62,CBU1108,BC1,DBCBU1G23,AATAACAATGCGAACAAAAATAAAG,TAGCTGATGTTCACTTTTTCGGACC
DB,CBU,DBCBU62,CBU1108,BC2,DBCBU1G24,CGATGGCTAAGTCCGACAAGGCGCC,CTACTCACACTCCTCTTCTCGAGAT
DB,CBU,DBCBU62,CBU1108,BC3,DBCBU1H01,GAATGCTAGGTTTTGTTGTGAGCAT,CAGTTACGTTGCAAGTCATTTTCCA
DB,CBU,DBCBU63,CBU1110,BC1,DBCBU1H02,TTTAGGCCCCGACGATGTTGGTTAA,GTAACGGTATGAGGTGGTGGGGGGG
DB,CBU,DBCBU63,CBU1110,BC2,DBCBU1H03,TGCAGGAACGCGTACTCTGCAGCTC,GGTTCTTCTAATGCTATTTTTCAAA
DB,CBU,DBCBU64,CBU1150,BC1,DBCBU1H04,ATAAGATAGCAACAAGACCTAACTA,TTTTTTTATATAACGAATAACAGGA
DB,CBU,DBCBU64,CBU1150,BC2,DBCBU1H05,AAATAAGAATGTCAACGTCGTAGTA,ACGCTGCATCTCTTCCCTGTTTCTT
DB,CBU,DBCBU64,CBU1150,BC3,DBCBU1H06,ATGAGGAAGTTCGCTTTATACGCAA,TCAGGTTTTTCTAATTCGATTTGCA
DB,CBU,DBCBU65,CBU1063,BC1,DBCBU1H07,ACACTAAATCTCCAGACCCTGTACC,ATGATGTCAAATTTCAATGTATGCT
DB,CBU,DBCBU65,CBU1063,BC2,DBCBU1H08,ATAGAACAGAATAAAATAAGCTTGA,CGGGATTCTAGCCGAGGATCTTTTA
DB,CBU,DBCBU65,CBU1063,BC3,DBCBU1H09,ACATGAATACTCAAAGCCAGCTAAA,CGTACAGTATTGAGCGAAATTGGAA
DB,CBU,DBCBU66,CBU1198,BC1,DBCBU1H10,TCTATAAGAAGATACTGATTAAAAT,TATAGAAGATAACCTTACATTTTGTT
DB,CBU,DBCBU66,CBU1198,BC2,DBCBU1H11,GACAACAAAACATAAATCAGACACA,TTCGCGCCAAGTGCGAATTTTGCCT
DB,CBU,DBCBU66,CBU1198,BC3,DBCBU1H12,ATTTGGTATTAGTACATGGGGTCCA,GCAAGTCTTCGGTGACTTAAGTGCG
DB,CBU,DBCBU67,CBU1213,BC1,DBCBU1H13,CTCGTAGTGTCGAAGTCCAATTTGA,AAGAGGGGGTGGAGTGTCCCGGGAA
DB,CBU,DBCBU67,CBU1213,BC2,DBCBU1H14,CCTCATATAATCGCATAGACACATC,ACTGTTTGTTGAAGTCTTTAAGTAA
DB,CBU,DBCBU67,CBU1213,BC3,DBCBU1H15,CATAATAAGGCCATACATTAGGAAG,ATATAAATAACCGGTGTTTAACTGA
DB,CBU,DBCBU68,CBU1217,BC1,DBCBU1H16,TGCTATCAGAAGTAGACATTGACAT,ATTCGGACGTGTTGTACATTCAAGG
DB,CBU,DBCBU68,CBU1217,BC2,DBCBU2D14,TTCCTGTGCAAAGGGAACTATGAAA,ATGTGGGTTAGGGAGTAGTTTTGGG
DB,CBU,DBCBU69,CBU1253a,BC1,DBCBU1H17,CCTCCCCTCGACCATGCACTTTTAG,CTCACTCCACCAATTACGGATGGAA
DB,CBU,DBCBU69,CBU1253a,BC2,DBCBU1H18,ATACAGGAAATGCAATCGCCGACCC,TCCCCATTGCGTATCGACACCTCTT
DB,CBU,DBCBU69,CBU1253a,BC3,DBCBU1H19,GGTCAATGCATAGACCGACAGAAAG,GCTTTTAAGCTTATTTATTAGTTTT
DB,CBU,DBCBU70,CBU1253b,BC1,DBCBU1H20,CAAAGAGAAGGGCATGAAATGTCGT,TGTTAGTTAGTGTCTTATTACTTTT
DB,CBU,DBCBU70,CBU1253b,BC2,DBCBU1H21,TTAAGCAAATTATTATATCTTGTTT,TGAGTTTATACAGTACCCCTTTTTC
DB,CBU,DBCBU70,CBU1253b,BC3,DBCBU1H22,ACAGCATCCTTGCAGACTACACG,AGGATAGGACTGAACCTGGACACCT
DB,CBU,DBCBU71,CBU1314,BC1,DBCBU1H23,ATTACAATTAGTATGTAAGTCATTC,AACCTTAACTTCAGAGCCAACTAGT
DB,CBU,DBCBU71,CBU1314,BC2,DBCBU1H24,CGTGAAATTCGAACACCGTAAATGT,CTTATCAGTCTGATCTCTGACTCAT
DB,CBU,DBCBU71,CBU1314,BC3,DBCBU1I01,AATAAACTTGAAATGCCATAGTGAA,CTAGTTAGGCTCTCGGTATGCTCTT
DB,CBU,DBCBU72,CBU1335,BC1,DBCBU1I02,CCGTGTTTAGAAGCTGTTATAGTTC,GACGCCGTACTATCCTCTTTCTTGG
DB,CBU,DBCBU72,CBU1335,BC2,DBCBU1I03,TTCATCTGCCAACTAAAAAATATTT,TGTTACGAGTCACCCGCACGAGCCT
DB,CBU,DBCBU72,CBU1335,BC3,DBCBU1I04,TAATAATGATCAGTGTCAGGCAGTT,ATGGTTGTAAACCGTTGTATTTGAG
DB,CBU,DBCBU73,CBU1370,BC1,DBCBU1I05,CTTAAGATCAAACAATACGCATCCA,GGATAGTCATCTAAGGGTCTAATCT
DB,CBU,DBCBU73,CBU1370,BC2,DBCBU1I06,GATAGTGGTGTTGGTCTTACGGTGA,GCTTTCACTGGGTACATATGGACGA
DB,CBU,DBCBU73,CBU1370,BC3,DBCBU1I07,AGCTTCCCCTGATGTGGCCATCAAG,ATGTATCATATAATCTCACCCTGAC
DB,CBU,DBCBU74,CBU1379,BC1,DBCBU1I08,CCCTACCCCGTCCCTCCGTATCGCG,CTGATCACAATCTTTCAAGTGTAAA
DB,CBU,DBCBU74,CBU1379,BC2,DBCBU1I09,CAGCCAATCTTTAAAAGTTAATGTT,CGGGTGTGGAATTTCTGATTTGTCT
DB,CBU,DBCBU74,CBU1379,BC3,DBCBU1I10,TGTAACATTATTTCGTCTATAAAAT,TGCAATCCACTAATGGTCGTGAATT
DB,CBU,DBCBU75,CBU1387,BC1,DBCBU1I11,CCCAAGACGGCAAGCAATTATAACG,AGACTGTAACGAATAATCCAACTTA
DB,CBU,DBCBU75,CBU1387,BC2,DBCBU1I12,ACCACTGGTTACATTCATGTTAGAT,CGGGAAATCTGATCTCTATACCATA
DB,CBU,DBCBU75,CBU1387,BC3,DBCBU1I13,TTGGGTGGATACGAGGCTGAGAGAT,ATTCACAAGATATTTTCGGTGTCAT
DB,CBU,DBCBU76,CBU1406,BC1,DBCBU1I14,TCTAGCCAGGCCGCGCAGACCTAAA,ATACAGCGAGTTTTTGATCGCCCGT
DB,CBU,DBCBU76,CBU1406,BC2,DBCBU1I15,CTTAGGGATTGTATGTTGAACCTAA,TCTTACTCGTAACGGATATTTTTCT
DB,CBU,DBCBU76,CBU1406,BC3,DBCBU1I16,TACAAGAACCCTTGAGAGTATACCG,TATGTCAGAAATTACTATGATCACT
DB,CBU,DBCBU77,CBU1409,BC1,DBCBU1I17,ATGGCCATAGCATAATTATGTTAGA,GAAGTTTCGGTACGCATTCTGACTT
DB,CBU,DBCBU77,CBU1409,BC2,DBCBU1I18,CGGACATCGGTCAGGGCCAGCACC,GAACCAACTGTGTACTACTAAAAAA
DB,CBU,DBCBU77,CBU1409,BC3,DBCBU1I19,AGATAGCAAAAACCGCCGCTTCATA,TCAGCGTCTTGCGGACGCATCATGC
DB,CBU,DBCBU78,CBU1425,BC1,DBCBU1I20,CTTCCGCAGTGTTAAGGAGTGTGAT,CCCTAATCATGGTGAGTTGTCGTGG
DB,CBU,DBCBU78,CBU1425,BC2,DBCBU1I21,TAAAATCAGGACACTAGGCAATTTA,TTTCGGTGCGGATGCTCGCGCAGAA
DB,CBU,DBCBU78,CBU1425,BC3,DBCBU1I22,GGTACCTAATCACATAGACAAAAAC,GCGTCGGGGTAAAGGGCGGGAAGGG
DB,CBU,DBCBU79,CBU1434,BC1,DBCBU1I23,GGGAAAAACTTCTCAGGATTGGCTC,AAATGGTGCGACCTAAGGATACTAC
DB,CBU,DBCBU79,CBU1434,BC2,DBCBU1I24,GAAGCCATGCCCATGCACAGCCGA,TTAAAATCTGTTCTCATTCCACTCA
DB,CBU,DBCBU80,CBU1457,BC1,DBCBU1J01,GGCCCCCAACCGGGGGTGTCTGGTA,TCATCTTGTTTCTTCCTTGGATGTG
DB,CBU,DBCBU80,CBU1457,BC2,DBCBU1J02,CCATTCCGACACCCTACCGTCTCGC,AGGGTTAATACTTTGTGGTTAGACG
DB,CBU,DBCBU80,CBU1457,BC3,DBCBU1J03,TACTTTGTAGATTCTAACAGCCAAG,GTCTGTTATCATTTAAATTCAAGTT
DB,CBU,DBCBU81,CBU1460,BC1,DBCBU1J04,AATTCGCGAGGACCTTCGATCTGCC,GATCAGCGTTGTCTCTGCAGTATTC
DB,CBU,DBCBU81,CBU1460,BC2,DBCBU1J05,TAACGGTGGCTTGACGTCTTCGTAG,TTGTTTTATTAAATTAGTCGTTTAT
DB,CBU,DBCBU82,CBU1461,BC1,DBCBU1J06,ACCATTAAACAACGAACCAGATGTA,ACGCGCCAAACTAAAGGTGGGGGAT
DB,CBU,DBCBU82,CBU1461,BC2,DBCBU1J07,AACCCTTATAGATAATGAAAAATAA,TTAGCATAATTTTTTTCTGTTACTT
DB,CBU,DBCBU82,CBU1461,BC3,DBCBU1J08,CCCCTTCATGAGCATTCTATTACGT,AGACTCTTCGTCTTATGTGATAAAC
DB,CBU,DBCBU83,CBU1485,BC1,DBCBU1J09,CGAAGTCAACTAAGAAGACAGAACA,CCTCATGTGGTACTGAATTTCTCCT
DB,CBU,DBCBU83,CBU1485,BC2,DBCBU1J10,TTGGCGCCCCACCCGACGCCATCTG,AGTGGCGGAGAGGTGAGGGGGCAGC
DB,CBU,DBCBU83,CBU1485,BC3,DBCBU1J11,ACTTGAAAAATGTAAGGGGCGAGAC,ACGCGAATTCGGATTAATTGTTCGC
DB,CBU,DBCBU84,CBU1493,BC1,DBCBU1J12,ACTGTGTTAAAGATCGCCGAAAAGA,GAGACTAGTGTATTCGTTCATCCGG
DB,CBU,DBCBU84,CBU1493,BC2,DBCBU1J13,GCGATCCCGGCCTGACTATTATG,GGCTACATCCAGGTCTCGACATGTA
DB,CBU,DBCBU84,CBU1493,BC3,DBCBU1J14,TCTCGTCAAATCTGATTAGAGGGCG,TCTCGCATCCATACTCGAGATTAAT
DB,CBU,DBCBU85,CBU1525,BC1,DBCBU1J18,GAGATCCTTTTTAACGACCCGGAAC,TCATTCGTGTATGAACCATCTAGAA
DB,CBU,DBCBU85,CBU1525,BC2,DBCBU1J19,TTCATGACAGCTTAGTGTGAGTCAG,CGGGTAATAGACTCAGTTTCATGTG
DB,CBU,DBCBU85,CBU1525,BC3,DBCBU1J20,ATTTTTAGCATTTGGAGATATAAA,CCATTCTGGATTTATTTTTAGTCGA
DB,CBU,DBCBU86,CBU1530,BC1,DBCBU1J21,ATTTATACATAACAATGAATTTGGT,TGTGACTTGTTTAGTCAATACACAT
DB,CBU,DBCBU86,CBU1530,BC2,DBCBU1J22,CTTGCAATGTTCATAATTGTATAAG,TAAACTGTACAATCAGGACGGTGAA
DB,CBU,DBCBU86,CBU1530,BC3,DBCBU1J23,GCCCGTTAGTATTGACCATTACTGA,AGGGTTATCACTATTGCTTTGTCAT
DB,CBU,DBCBU87,CBU1532,BC1,DBCBU1J24,CTATGATCCCGAGTGAAGTAGTTG,CAAGAATAAAAGTACTGGAAGATCC
DB,CBU,DBCBU87,CBU1532,BC2,DBCBU1K01,AGCAAACAAAGATTAACTTAACAG,TACTTTATGTAGTATCGTAATCAGG
DB,CBU,DBCBU87,CBU1532,BC3,DBCBU1K02,CAAACTAAAATGAGCTACTGAGAGC,CGCGTGCAGACTACTTTTTATTTCC
DB,CBU,DBCBU88,CBU1543,BC1,DBCBU1K03,ACGGTCGTTATCTACATTTTAACTT,GGTTAGTGATCGAGGAGTGGTGGAC
DB,CBU,DBCBU88,CBU1543,BC2,DBCBU1K04,GCAGAGTTGGAACATATTTACGTGT,TCGCACTTGAGATTATGCCGCACGT
DB,CBU,DBCBU88,CBU1543,BC3,DBCBU1K05,AAGACACAAGAGGTTTAACACGATT,ATCGGCGTTTACTTGATCGTCGTTA
DB,CBU,DBCBU89,CBU1556,BC1,DBCBU1K06,ATTTTACGTACACATAAATACAAAT,AATGCCTTGGACAATTATTTTCGTG
DB,CBU,DBCBU89,CBU1556,BC2,DBCBU1K07,CACCCGCTGTCGGCTCCGGTTGGGT,AATTTTCATACCTCCCATTCTCCGG
DB,CBU,DBCBU89,CBU1556,BC3,DBCBU1K08,ATGGCATGATTCTCCTGTATGAGAA,TGTCGTGTAAGCCACTGCATGGTCA
DB,CBU,DBCBU90,CBU1566,BC1,DBCBU1K09,GCCGGGGGCAACTACTATTACTTTT,TATCTTTCACTCTTTCATGAAAACT
DB,CBU,DBCBU90,CBU1566,BC2,DBCBU1K10,GAATAATACAAGCGTTCGCATGCTG,TATTAAAAAGTACGTTAAGGTGTTA
DB,CBU,DBCBU90,CBU1566,BC3,DBCBU1K11,GTAACCAAGAAGCTTGTCGGACTTT,ACCACAACCGACTTTTGTTTCAAGC
DB,CBU,DBCBU91,CBU1569,BC1,DBCBU1K12,ATCAAAGTCTATTAAAAAACTCAAC,AAATGTGGACAATCGTGTTCATATG
DB,CBU,DBCBU91,CBU1569,BC2,DBCBU1K13,CCCATGCCCAGGAATGACCATAGAG,CAATTCTTGACATATGCTTATTGTG
DB,CBU,DBCBU91,CBU1569,BC3,DBCBU1K14,TCGTGTCAGGCAGGTTCCTCTAGAA,TTTGGTCGTTCCTCAGTGTTATTGC
DB,CBU,DBCBU92,CBU1576,BC1,DBCBU1K15,TAAGCAAAAGGGATCTACGGATTAC,TTAACGTATTTTCCTTTTGTCTACA
DB,CBU,DBCBU92,CBU1576,BC2,DBCBU1K16,ATACACGGAAACATATGTATTTATT,TAGTTAAAGGATTTCTCTAAGTAAT
DB,CBU,DBCBU92,CBU1576,BC3,DBCBU1K17,AAGTACGACGTGTACAACTAAACGC,TTGTCTAAAATGCTAAAATAACTAG
DB,CBU,DBCBU93,CBU1594,BC1,DBCBU1K18,CGAGCAGGCTCGCTAATCTTAAAAA,ACTTATAGTCGACTTACCAGGACTC
DB,CBU,DBCBU93,CBU1594,BC2,DBCBU2D15,CGAACACAAACCACGGGAGTCTACA,ATGCAGGTCCTGTTAGGCGTTTATT
DB,CBU,DBCBU94,CBU1599,BC1,DBCBU1K19,TATGTTAGTGCGAGTACACCATTAC,TATTATATGTATTTCATCCAGGTT
DB,CBU,DBCBU94,CBU1599,BC2,DBCBU1K20,CGGGATTGCGGTCAAAGCACACTGG,ACTATTATCCTCCCATATTCGTCCG
DB,CBU,DBCBU94,CBU1599,BC3,DBCBU1K21,CCCCCGAGGGCTCGCGCCGATGGCT,CATCCCTCGACGATCTGCCCATGATC
DB,CBU,DBCBU95,CBU1607,BC1,DBCBU1K22,TAATGTTTCTGGGAGTCAAAGTAAC,GCCACTTTTAATATGGATCATTTGT
DB,CBU,DBCBU95,CBU1607,BC2,DBCBU1K23,GCTAAGTGAGAGAAAGCCCACGATT,ATCCCGCGGTAATAATGCTTCGCGC
DB,CBU,DBCBU95,CBU1607,BC3,DBCBU1K24,ACTTTATTGGCCGTCGAATACGCTA,ATGTTTAAACACTATTATGGTTTTG
DB,CBU,DBCBU96,CBU1614,BC1,DBCBU1L01,GATCTCGCCGGACTACTTACACATA,GCACATGGTGGAATCCTCGTGTGTG
DB,CBU,DBCBU96,CBU1614,BC2,DBCBU1L02,CGACCGTACCAAGAGAAGAAATTTC,TGGTTGATCCCGACTTGATATTGGT
DB,CBU,DBCBU96,CBU1614,BC3,DBCBU1L03,ATAATCGAAATCCTTGTTTACGCGG,ATAGCGAGCCGTTGGGGTGCAGGGA
DB,CBU,DBCBU97,CBU1620,BC1,DBCBU1L04,CATCGTGCTCGCGCAATGCCGATGA,TCGCCTCCTTTGCGCTTTTCACCTT
DB,CBU,DBCBU97,CBU1620,BC2,DBCBU1L05,AAATATGTCCGGAGCATAATACTTT,TGGGGCTGAAGCCTAATCCGTGGGG
DB,CBU,DBCBU97,CBU1620,BC3,DBCBU1L06,ATCTGTCATGTCGCAATCGAAGGTT,TTGGTCGAATTAATCATGTATTTGG
DB,CBU,DBCBU98,CBU1636,BC1,DBCBU1L10,GAAGCACGAGTATCCTCACACAAAA,CCATCTACGCCGTAGAGGAAGCTGT
DB,CBU,DBCBU98,CBU1636,BC2,DBCBU1L11,TCATGTTAGTGATAACCCAGGAAAA,TCCAAAACCGTTTTATAATCATTGG
DB,CBU,DBCBU99,CBU1639,BC1,DBCBU1L12,CATGGGAACGCCTAATGGGCATCGT,CCAAAGATGTTGGGATGGGTTGCGG
DB,CBU,DBCBU99,CBU1639,BC2,DBCBU1L13,CCTATCTGGCTTATTGCTTGCGTCC,TTATTGACTGTATGTAATGACTGTT
DB,CBU,DBCBU99,CBU1639,BC3,DBCBU1L14,CATTACTTGGAGTAAAAGACGATCA,CCTATATTACCTCGAGGTTTCGGAT
DB,CBU,DBCBU100,CBU1665,BC1,DBCBU1L16,GTTCTGTGTTTTCTACTTCTAGCGG,ATAACTAACGATTTATTGGAGTAAG
DB,CBU,DBCBU100,CBU1665,BC2,DBCBU1L17,TCAAAGTACTACACTTTGGGAACAT,CGTTTGGCTAGTACTTGATATCAGA
DB,CBU,DBCBU101,CBU1676,BC1,DBCBU1L18,AGTAATGTGTTAGCAACAGAAGTTG,TCAACATGTAGTCATTTGCGCTGGA
DB,CBU,DBCBU101,CBU1676,BC2,DBCBU1L19,GCGAGACTTAGCCTTCCCATCCTGT,GATGTTTTGTCATTTGTGATTCTAT
DB,CBU,DBCBU101,CBU1676,BC3,DBCBU1L20,ATTCTGTGCTATTCAATTAGTTTCG,ATTCGGACCATTTTTCTGGTTTGCT
DB,CBU,DBCBU102,CBU1677,BC1,DBCBU1L21,GCTTTAAGTAGTCCATAGCCCCTTC,ATACACCTTTGCTTCCGGGTCTTTG
DB,CBU,DBCBU102,CBU1677,BC2,DBCBU1L22,CCTATCTATCGCCCTGAAAGCGGTC,ATGATTTCTCGCAAAAATACTTCCG
DB,CBU,DBCBU102,CBU1677,BC3,DBCBU1L23,TTTCAGCCCCTGTCAACCCATGGAA,TTACGGCGGTAACTAAGGAAATAAT
DB,CBU,DBCBU103,CBU1685,BC1,DBCBU1L24,GCCAAATAGGCGGAACCAGAGAATT,AAAGTGAGCTTGGATAGTTCGCAGT
DB,CBU,DBCBU103,CBU1685,BC2,DBCBU1M01,CAGATGTATATGATTCAAGTATAGG,GTAGATTGAGTTCGGTGGGCGGCTG
DB,CBU,DBCBU104,CBU1686,BC1,DBCBU1M02,TTCAAGATAATGAGTTTTGTATGAA,TGATCGAGGAGCCTATCCCGATAAA
DB,CBU,DBCBU104,CBU1686,BC2,DBCBU1M03,CTTAAGATAACCATTTACGGCTACT,CGAGATCATACGATTCCACATTCAT
DB,CBU,DBCBU105,CBU1724,BC1,DBCBU1M04,TAGACAGCCGTAAGTACAAGATATG,AACTACTTTGGCAGCTTCGCGATTC
DB,CBU,DBCBU105,CBU1724,BC2,DBCBU1M05,CCTCGGCGGGGGCCGAGATTTCGCA,GATACTGGATTCGCAGTGTGAATGC
DB,CBU,DBCBU105,CBU1724,BC3,DBCBU1M06,CGATACAGACCCGAACGACGAGTTG,AGGTTCATCCTAGGCTATAAGTTAT
DB,CBU,DBCBU106,CBU1751,BC1,DBCBU1M07,TCCCTGAATGTATAACACTGCGCTT,ATAATTCGGACCGCCCGTTGAATGC
DB,CBU,DBCBU106,CBU1751,BC2,DBCBU1M08,ACTTCCCATATAGAATGCTCTACCA,CAATCCAATCGAGAATGGAGGACAC
DB,CBU,DBCBU107,CBU1752,BC1,DBCBU1M09,CCACCCACGAATGGGATTACTCTGC,ACGCCCGGTTAAATAAGTTATTCGA
DB,CBU,DBCBU107,CBU1752,BC2,DBCBU1M10,GTATCGGCTTCGCCCACCCAGCCGT,ATCTGTTGTGGTTAAATTTCCCCTG
DB,CBU,DBCBU107,CBU1752,BC3,DBCBU1M11,TATGCCAGCGTGAGCGAGATACAGA,TATAACTACACTTTACCGGTGTCTG
DB,CBU,DBCBU108,CBU1754,BC1,DBCBU1M12,CCTCAAACCCCGGCACTGACGGGCT,TAGAACTGGACTTCACTGTAACTGC
DB,CBU,DBCBU108,CBU1754,BC2,DBCBU1M13,TGGCACTTGGTTTTTGTCGTGGATG,GCTGTGAGAGTCATGTTATTATTAC
DB,CBU,DBCBU109,CBU1757,BC1,DBCBU1M14,CCTCTCGCCCGTGCTGTCCATAAAG,TGTGACGTAGCTTGGTTTCACGGCT
DB,CBU,DBCBU109,CBU1757,BC2,DBCBU1M15,ACCTTACTGCACGCACTCAGGTATA,ACGAAACAAATCAATGGCACGAGTA
DB,CBU,DBCBU109,CBU1757,BC3,DBCBU1M16,GCAGCCGATGACCCCCGGTTGTCGA,TTTTCCGTACACTCTCGGTTATGAA
DB,CBU,DBCBU110,CBU1769,BC1,DBCBU1M17,TGACGAATCTGGGCTCAAGCCTATT,TTTTATTACAGGGATTCGTCCTGCC
DB,CBU,DBCBU110,CBU1769,BC2,DBCBU1M18,TTCTAGGGGGCTCGAAGTTATAAAT,ACGACACTACGGACGCTTTGTCTAA
DB,CBU,DBCBU110,CBU1769,BC3,DBCBU1M19,CGGGAAATCCGCCATAGGAAGGGAA,TTAACATTCGAACTGGGTTACGAGT
DB,CBU,DBCBU111,CBU1776,BC1,DBCBU1M20,GAGAAAGGAGATGCGGACTTTTAAT,TCAAGTACTAGCGTACTTGCGATTA
DB,CBU,DBCBU111,CBU1776,BC2,DBCBU2D09,TGCGGCAAAATATAGGACCCTAGTA,AAAGTTATAGACTTGGTTCTTGCTT
DB,CBU,DBCBU112,CBU1780,BC1,DBCBU1M21,CTCAGCTGTTTGCCGCTCCATATGG,CACGAATGATTTGTATTCCACAGGA
DB,CBU,DBCBU112,CBU1780,BC2,DBCBU1M22,AAAAAACTTGAAATCAAGCGCTTAA,CGTGCCTGTTTTATATGTGTAATAC
DB,CBU,DBCBU112,CBU1780,BC3,DBCBU1M23,CTCGCCATACATGCCTATAGCGTAA,GTGTACTTACATATCTGCTCGGTGT
DB,CBU,DBCBU113,CBU1789,BC1,DBCBU1M24,CTCTTTAGAAAGGTCGATGTCTAAC,CAATGGCATATGCTTCATGACATCA
DB,CBU,DBCBU113,CBU1789,BC2,DBCBU1N01,GAACCTTAACATAAACCTTTTACGT,CATATCCTGCATTCTATATTACCGA
DB,CBU,DBCBU114,CBU1790,BC1,DBCBU1N02,GACGCTCACACAGTGACCATACGGT,ATCTTCCAGACCGCACACCGGCTCT
DB,CBU,DBCBU114,CBU1790,BC2,DBCBU1N03,CGGACTTGAAATAGAATCTTGAACT,TGCAGGTAGTGAATTTGAAAGCGTG
DB,CBU,DBCBU114,CBU1790,BC3,DBCBU1N04,TCGATTGCTAACC,CGAGGTTCCGACCAATTTGGAGACA
DB,CBU,DBCBU115,CBU1794,BC1,DBCBU1N05,CGAGAATTGTAGTGTATAAAAGTCT,GTAGACCTATAACGACGACCTCATG
DB,CBU,DBCBU115,CBU1794,BC2,DBCBU1N06,CCGCAGCAAAAATTACTTAATAAAC,CGCTGTGCCGCTTACATCGTTATGT
DB,CBU,DBCBU115,CBU1794,BC3,DBCBU1N07,GAGAAAGTGAACGTGACATAAACTG,GTTTGGTGATAAAGATCATATTAGA
DB,CBU,DBCBU116,CBU1818,BC1,DBCBU1N08,CACACTTTCATTTACGACTGCCGCG,TCTTGATTGCGTAATTCCACTGGTA
DB,CBU,DBCBU116,CBU1818,BC2,DBCBU1N09,GAAATATCATTAACACGGAGACGTT,ACCCGGGTGTCAGGAACCTTTCTAA
DB,CBU,DBCBU116,CBU1818,BC3,DBCBU1N10,CAGAACCTTATCCAAAAAAATCAAA,TGGTTCCCTCTCCATTAGATTTTTT
DB,CBU,DBCBU117,CBU1819,BC1,DBCBU1N11,TTACGTGATATAAAGCCTTTTGCAG,TCTAAACGACAATCCTTATTGTTAG
DB,CBU,DBCBU117,CBU1819,BC2,DBCBU1N12,TAATATCTTAGTAACTTCATAGTTT,ATACTTAATCAATCTTTACGCGGAC
DB,CBU,DBCBU117,CBU1819,BC3,DBCBU1N13,TTGGGCCCGCATACGGGGTCCCTTC,CAGGATTTGACGCGCTTCAAGTGGG
DB,CBU,DBCBU118,CBU1823,BC1,DBCBU1N14,GTCGTAGCTTCCCTCCATTGGAGGC,AAGGCTCCTTCCCTACGCAAGATAC
DB,CBU,DBCBU118,CBU1823,BC2,DBCBU1N15,ACACTAACGAGTCACCATGTAATAC,CGGCACAATTCGGTAGGTCCTTACC
DB,CBU,DBCBU118,CBU1823,BC3,DBCBU1N16,TAAGTTTCAAGAGTTTGATAAACCG,CGAAGATGATAGGTGTGCTTTTTCT
DB,CBU,DBCBU119,CBU1825,BC1,DBCBU1N17,ATAGCTTAGAGTATGATATGGTATA,TTGAAGTAATACGAAAAAGCTGTTA
DB,CBU,DBCBU119,CBU1825,BC2,DBCBU1N18,TGAGTGTTCTGAAAAAAAACAAGAA,CTGCGCATCTTTTCCTTTATGAAGT
DB,CBU,DBCBU119,CBU1825,BC3,DBCBU1N19,AACTAATGGCATTGCAGTAAATAGCT,ACTTTTCGCGACTCTGCATTGTAAC
DB,CBU,DBCBU120,CBU1863,BC1,DBCBU1N20,TCGTGATTGTTTGGAAATGCAAACA,AACAAGAGTATACGAGTCTTAGCGC
DB,CBU,DBCBU120,CBU1863,BC2,DBCBU1N21,TAATCCTAAATTTACTAGGCTTCCA,TTCTTGTGCCAAAGTGTTACGGTCG
DB,CBU,DBCBU120,CBU1863,BC3,DBCBU1N22,TGTCACAACTAGCACCATAAAGATG,ATGGCATATTCTAGTATTAGGGTTT
DB,CBU,DBCBU121,CBU1963,BC1,DBCBU1N23,ACCATAACACGGGTCGCATTACGAC,ACTGTCATGCAGGGATGGGCGGACG
DB,CBU,DBCBU121,CBU1963,BC2,DBCBU1N24,AGCTCGGCGACGACTAGGCCCGTTC,AACATTTTGGCTGTCTTTATACCCT
DB,CBU,DBCBU121,CBU1963,BC3,DBCBU1O01,AGGGCCAAAAAGAGTTTTAAGGTAC,GTTCATTGGTCTGAGTTGTAAGATT
DB,CBU,DBCBU122,CBU2007,BC1,DBCBU1O02,TGGTAAATAAATATCGTCTAAGCCA,TTAAAAATACCAGAAACTTATATAA
DB,CBU,DBCBU122,CBU2007,BC2,DBCBU1O03,TACGATTGCTCAATGATCTTATGAA,TGAGGACTAATGACTATCCTAATGC
DB,CBU,DBCBU122,CBU2007,BC3,DBCBU1O04,TCCCTGTCCTAGCTAGCCCGGAGCT,TAGATTAATCTCATCCCCTTTCGGC
DB,CBU,DBCBU123,CBU2013,BC1,DBCBU1O05,TTTATCATGGTACTACTTCACCAGA,GTTTAAGAAATGGATTTTGAAGATG
DB,CBU,DBCBU123,CBU2013,BC2,DBCBU1O06,GCGCCCTAGCCTCTTTCTATAACCT,GACTGAGTGTCGATGTTCCCGTAGC
DB,CBU,DBCBU124,CBU2016,BC1,DBCBU1O07,CTATCAATGCAGGAAAACTTATCGA,AACTTTGTGAGATATTTTCAGGTAA
DB,CBU,DBCBU124,CBU2016,BC2,DBCBU1O08,ACTATGCGCGCGGCTCAGGGCTTTA,GTGGTGCCTGGGGTGAGCCGAGGTC
DB,CBU,DBCBU124,CBU2016,BC3,DBCBU1O09,AAAGCCCTTAGACGCCCCTCACCGA,GAAATGATCCACACCTCTTTTATAT
DB,CBU,DBCBU125,CBU2028,BC1,DBCBU1O10,CTCAACCCGACCTATAACTTCATTA,CGCATGGCGGCGAGGGGGGAGGATA
DB,CBU,DBCBU125,CBU2028,BC2,DBCBU1O11,CTCTATGCTGCCAGGGTCCAAAACA,CGTCTGCAAGGAGCCGTCGTCTAGG
DB,CBU,DBCBU125,CBU2028,BC3,DBCBU1O12,GCCTGCAGGTCAGTTAAAGGCCCAG,TCGAATTAATTGGACATTTTTCAGA
DB,CBU,DBCBU126,CBU2052,BC1,DBCBU1O13,GCAATTTTCACTGACTTAGATACCC,TCTCTGATACACATGCACGATTTTT
DB,CBU,DBCBU126,CBU2052,BC2,DBCBU1O14,TCTTAGTGAATAAAAGATAGCACAT,GTAATCAGATAGTGTGGGGTGTGGG
DB,CBU,DBCBU126,CBU2052,BC3,DBCBU1O15,CGTACGACAGTTATTCTGAAAAAAA,TCTATGTTTACTACTTCTCCATTAG
DB,CBU,DBCBU127,CBU2056,BC1,DBCBU1O16,CGCCTCGGCTCGTTAGTGCTTCCAC,CTCCATTTGTGATAGCACTGGGTAG
DB,CBU,DBCBU127,CBU2056,BC2,DBCBU1O17,CGTCACTCTGCCGAGAACGTGATAA,TTCCAGAATCCTGGGTTCCATTATT
DB,CBU,DBCBU127,CBU2056,BC3,DBCBU1O18,CTTGATCTGCGGGTTGCTAATGAGT,GCAGAGCGTCGCTCGCATTAACTTG
DB,CBU,DBCBU128,CBU2059,BC1,DBCBU1O19,AACTAATAAATGGACCGTGTTCGAC,ACAGATTTTGGTAAACGACTTAGAT
DB,CBU,DBCBU128,CBU2059,BC2,DBCBU1O20,GGTTTTAATGCTCGAACTTTCAATC,GGATCTGATTACGATGTATTGCAAT
DB,CBU,DBCBU128,CBU2059,BC3,DBCBU1O21,ACAGATTATGCTACCTATCTTAATA,TTCAACTGAGCCTTTTTGTTTCCTA
DB,CBU,DBCBU129,CBU2064,BC1,DBCBU1O22,TAGTCCTAAGCGAGGTGAAACAACG,GTTGCCTCTTGAGAATAGCTATGTG
DB,CBU,DBCBU129,CBU2064,BC2,DBCBU1O23,GAAGTAAAGACTCTATGTGTAAAGT,CGTTTAATCTCCTCTCTACATATGT
DB,CBU,DBCBU129,CBU2064,BC3,DBCBU1O24,AGGACGAGCCTCGGCTCACAGGAAG,CGCGAGAACAGTTTCTGGTTGTTTC
DB,CBU,DBCBU130,CBU2078,BC1,DBCBU1P04,GCACATAACTAAAAATGGAAAGTGG,AATAGGTAGTGTTCTAAGATTGCT
DB,CBU,DBCBU130,CBU2078,BC2,DBCBU1P05,ACAAATAGACGCCCTATCTCTTATA,TACCTTGTTATCTACCTACATTTTT
DB,CBU,DBCBU131,CBU0360,BC1,DBCBU1P06,AAGGAGCGTGATCAAAACAGATGTA,AGACCCTCGTGTCGGAGGGAATAGG
DB,CBU,DBCBU131,CBU0360,BC2,DBCBU1P07,CTTAAGGCTTTAAGCGGCAATCCAT,GGTTTTTATAGAACCTTTTCTTGAC
DB,CBU,DBCBU131,CBU0360,BC3,DBCBU1P08,GGGCCCCTAATGACCTCCTTTTTGC,TTGTTGTATTCTTTTTCTTGCTTTT
DB,CBU,DBCBU132,CBU0584,BC1,DBCBU1P09,CCTAACCGCCGCACCCGCCTGCGCC,TCGCTAACCGCTATGTTCTGACTCC
DB,CBU,DBCBU132,CBU0584,BC2,DBCBU1P10,TCGATAGCGACACTGAACAGATGAA,TTTCTAAATTATTGACTTATTGGGT
DB,CBU,DBCBU132,CBU0584,BC3,DBCBU1P11,CTGCTGCATTCATAACGTATTATGG,TCCGGTAAGGTTACTCTGGCCTGAT
DB,CBU,DBCBU133,CBU0602,BC1,DBCBU1P12,AAGTAGTACTATGATACTATGTTAT,CTACTCTAATAGACTCATCGATTTA
DB,CBU,DBCBU133,CBU0602,BC2,DBCBU1P13,GCGTCATATATTAGCTCACACAGAT,TTTACTTATGTCTTTGTTTATCCAA
DB,CBU,DBCBU134,CBU0879,BC1,DBCBU1P14,CAACTGCCCTACCTAAGTCACACGT,ATATTCAAAGTAGCTTATGTATTTT
DB,CBU,DBCBU134,CBU0879,BC2,DBCBU1P15,CCATACGCCCAGCACAAATCCTCTC,ATTAGATTCTGTTCGAATTCACTAC
DB,CBU,DBCBU134,CBU0879,BC3,DBCBU1P16,GATCATCCCAATGAAAAGGGGGTAC,TTTCATTTTGTCGTATAAGTTCGCC
DB,CBU,DBCBU135,CBU1209,BC1,DBCBU1P17,CTTGAGAACGCGTGCATACAACAGG,AGTATATTGTACCGGTGGGCCGGCG
DB,CBU,DBCBU135,CBU1209,BC2,DBCBU1P18,GCCGTGAGCTTGCGAAAAAAAACTA,TTAAGAGTATAGATTTGAATGCAGT
DB,CBU,DBCBU136,CBU1263,BC1,DBCBU1P19,CCACCATATTGACGAGCATAAAAAT,AGGACATACGGAACAGAATTAGCGG
DB,CBU,DBCBU136,CBU1263,BC2,DBCBU1P20,CGTGATGGAAGTCAAACAGGCCGGG,CACGCGGATTGATGTTTACTGATGT
DB,CBU,DBCBU136,CBU1263,BC3,DBCBU1P21,AGATTTGCGGTTGTGTACTGAATAG,ATGAGACTAATTTTTACGGTCTTTA
DB,CBU,DBCBU137,CBU1298,BC1,DBCBU1P22,AACCCTACCTCCGCATGGTTGATCT,GGCTAATATGCGGTCATTTGCAGGC
DB,CBU,DBCBU137,CBU1298,BC2,DBCBU1P23,GTGTATTACATGTAAGCTCATTGAA,CATACACAATCGAGTATGTTCTGAT
DB,CBU,DBCBU137,CBU1298,BC3,DBCBU1P24,TAAAGACCTCATATGGAACTCCGAA,TTCGCGTCATGTGGAGGGTGAAGAA
DB,CBU,DBCBU138,CBU1334,BC1,DBCBU2A01,AAGAATAGTTAACAATCTATGTAGACGGGCAAGAATTAA,AACCAGTTTTGTCTTCGTGTAAGAT
DB,CBU,DBCBU138,CBU1334,BC2,DBCBU2A02,AAAGGAGATTCAAATATGGTTCTAG,CCCGCAAGAAAATCGTTCATGGGGT
DB,CBU,DBCBU138,CBU1334,BC3,DBCBU2A03,ATCCAGTAGACTCAAGAACCCACCA,CCAACCCTTGTCTCAAGCTTCAAGG
DB,CBU,DBCBU139,CBU1452,BC1,DBCBU2A04,GCCAGATAAACCGCTCCCTAAACGG,ACTTACTTACCTGCTATACGTCCTT
DB,CBU,DBCBU139,CBU1452,BC2,DBCBU2A05,TGACACAAGAATGATGAGATTAGTG,ATGGTCTTTACCTCCTGTTCCATTA
DB,CBU,DBCBU139,CBU1452,BC3,DBCBU2A06,AATATAATTAATCACCAAAGAAATC,GGCGGTTTCACCAGATACATCATCC
DB,CBU,DBCBU140,CBU1533,BC1,DBCBU2A07,ACTAAAATCAGCATGTTCTTAGAAT,AACATTAGGTATAGCGTCGGCTTAC
DB,CBU,DBCBU140,CBU1533,BC2,DBCBU2A08,TCATTACGCAACACTCCTGGCTGAT,GCACAATCAATACCCGGTAAATACA
DB,CBU,DBCBU140,CBU1533,BC3,DBCBU2A09,CGAATTATCAAGAATACAATGAAGA,ATTACACGATCTAGGATCTATCTCG
DB,CBU,DBCBU141,CBU1560,BC1,DBCBU2A10,TTATGATACATGGTGAACCGGTTAT,TATCTGGAAGGAGATATAGGTATAC
DB,CBU,DBCBU141,CBU1560,BC2,DBCBU2A11,AAGAAAATCGGGAGCAGAAAATTAA,TTTCTCGCGGCGGCACGTGCAGTGA
DB,CBU,DBCBU142,CBU1619,BC1,DBCBU2A12,TAACGTACGAGGGTATCTTATGACT,CACGCCGGAGGTTAGTTACGTGATT
DB,CBU,DBCBU142,CBU1619,BC2,DBCBU2A13,ACTGGCGAAGTCCCTCAAACATTAA,TGGATAATAAATTCTGCGCACAAAA
DB,CBU,DBCBU142,CBU1619,BC3,DBCBU2A14,CAGCTCACTATTGAATGGGCTCTAC,TATTATAATATTTCTATTTTCCAGA
DB,CBU,DBCBU143,CBU1693,BC1,DBCBU2A15,GTATACGTTATAGAGACTGAACCC,TAATGAAAGATTTAATATCCGATGT
DB,CBU,DBCBU143,CBU1693,BC2,DBCBU2A16,AGGGAGAATTTGTAGCGCTCAATTC,GAATGTCCGGGACCATCGCTTGTAT
DB,CBU,DBCBU143,CBU1693,BC3,DBCBU2A17,CCGGCCTGGACCAGACTAAGCTGAG,ATTCTCTGATAGAGACACCAAGGGT
DB,CBU,DBCBU144,CBU1701,BC1,DBCBU2A18,TGGATATTCCACATCGATATAAACC,ATTCACCTTATCAACCCACACGAAA
DB,CBU,DBCBU144,CBU1701,BC2,DBCBU2A19,TCCGGCATTACTTGCACGACTATCG,ATCTTCTTTGTGGCGCTTCGAAGTG
DB,CBU,DBCBU144,CBU1701,BC3,DBCBU2A20,CAGGCAGGTGGCAACGCGTGACTGT,TATGCTCATTCAACTCTAATCGACG
DB,CBU,DBCBU145,CBU1806,BC1,DBCBU2A21,ATCGCGTTACCAACTCAACCATGCT,TGTCCGAAACGGTTGGTTAATACTA
DB,CBU,DBCBU145,CBU1806,BC2,DBCBU2A22,ACTGAAGTAAAGAACAATTTGCAAC,GTTACGACTTGAGTTCTAGAACCG
DB,CBU,DBCBU146,CBU2050,BC1,DBCBU2A23,ACGTAAATGATGAAAATAACCCATA,TAGACAAAGTTCCATCACAAGGTTT
DB,CBU,DBCBU146,CBU2050,BC2,DBCBU2D10,CGAGTCACGAAACAAATACGGAAAA,CATGAAAGATATGGTCGAGGTCAAT
DB,CBU,DBCBU147,CBU0321,BC1,DBCBU2A24,GACTACAACTTATTGAAAGGTGCGA,TTCTTGCTTGTTTTTTGTAGGATGT
DB,CBU,DBCBU147,CBU0321,BC2,DBCBU2B01,CGTTGGACCTCGATTCCAAAGGCTT,GCAGTTCACATGTAATTAGATTCAG
DB,CBU,DBCBU147,CBU0321,BC3,DBCBU2B02,CATGACTCTCTAACAGCCCACCGAA,CGGCATAAAAAAGACGGAATAAACG
DB,CBU,DBCBU148,CBU1622,BC1,DBCBU2B03,CGACACTACAAAAACACCGCCATAT,TGGTTATTTTCGCAAAGTCCGTTAG
DB,CBU,DBCBU148,CBU1622,BC2,DBCBU2B04,ATACATTGCGATGCAGAGGAAAATA,TCCCCGCCGTTTTTAATCTACCGAT
DB,CBU,DBCBU149,CBU1623,BC1,DBCBU2B05,GGCCGAGACAATAGGTTTACGCGAT,GGTAGCCGCTGTCGTCGATAGCCTT
DB,CBU,DBCBU149,CBU1623,BC2,DBCBU2B06,TCTTTCTCGCCGCCCCTCCCATACG,TCCCGCATTTCACATTATCCTGTAG
DB,CBU,DBCBU149,CBU1623,BC3,DBCBU2B07,GGTGATCAGCTAGTGCGGGACCGTC,TTGTTCGGTGATCATCATGTAGTTC
DB,CBU,DBCBU150,CBU1624,BC1,DBCBU2B08,TGAGTTAATACAGCATACATAGAAT,CCAGTACCTACTGAGTGGGGGGAAG
DB,CBU,DBCBU150,CBU1624,BC2,DBCBU2D16,TATTCGATTGCAAGTGATTTGTGGT,ACCCACGAAAGATCATTATCTGTGC
DB,CBU,DBCBU151,CBU1625,BC1,DBCBU2B09,TATTAACCTTTTTATTGCATGACCG,TTAACAGTTCCTATAGAATCTGTCT
DB,CBU,DBCBU151,CBU1625,BC2,DBCBU2B10,AATAATAAAGAAGCATGGATAAAGG,ACGCCTATTCTCAGATATTTTCATT
DB,CBU,DBCBU151,CBU1625,BC3,DBCBU2B11,TAAAACGTATGTGAAGAGCGTATGT,AAAAATTCCCTACCTCATTATTCTT
DB,CBU,DBCBU152,CBU1627,BC1,DBCBU2B15,TTTATTCGTGAAGTAAGTACATAAC,ATTAGACTTCTTATGTGCCCCTCAA
DB,CBU,DBCBU152,CBU1627,BC2,DBCBU2B16,TTAAAAATAGACTACTAGGTACGAA,TCGCTCACATGTCATATGAGTTATT
DB,CBU,DBCBU152,CBU1627,BC3,DBCBU2B17,CTTGACGTGCTTCCCCCTAAGCTAC,TGCTTAGGGGAAGTATTTCTTGTCT
DB,CBU,DBCBU153,CBU1628,BC1,DBCBU2B18,CCACCCCCTCATCCCGGCGATCGGATTGTTTTCACA,CTTTTAGAGGTGAAATGTGCATAGT
DB,CBU,DBCBU153,CBU1628,BC2,DBCBU2B19,GTTAGCATAGAAGAACGGAAGTACA,CGGCTCTATATATTTGTTACACCTA
DB,CBU,DBCBU153,CBU1628,BC3,DBCBU2B20,CTGGTCCAAATCTTATAACTATAGC,TTCCCTTATCGTTTTTCCGCCCG
DB,CBU,DBCBU154,CBU1629,BC1,DBCBU2B21,AGTATAGAATGTATGGTCTTGTCCT,GCAAACGTAGGCCTTTTGATTTATG
DB,CBU,DBCBU154,CBU1629,BC2,DBCBU2B22,CCCGTTTATTGCAAGTACGCCCCTA,TAACGCATTTGAGTCAAAGGATCGT
DB,CBU,DBCBU155,CBU1630,BC1,DBCBU2B23,TCACGAGGTTGTATCCATCTAGCGC,TATATTGATCGTTTCCTCATAGGTC
DB,CBU,DBCBU155,CBU1630,BC2,DBCBU2B24,GTACCGTGGGCCACAAGTAGTAAGG,CGTTACGACACATATTGGTTAGGAA
DB,CBU,DBCBU156,CBU1631,BC1,DBCBU2C01,GGATTACACGCAAATCCTTTCAGTG,GTCGATACCACCCCGGTTTGTTGTT
DB,CBU,DBCBU156,CBU1631,BC2,DBCBU2C02,AAACAGAGAGAAGTCTGTAAAGAAA,TTCAGGTCAATTTTCCACTATGTAT
DB,CBU,DBCBU156,CBU1631,BC3,DBCBU2C03,CAGACACACTCATTTAGTAAAAAGC,ATTCAACAAGCTTTAGTAGTTTTTT
DB,CBU,DBCBU157,CBU1632,BC1,DBCBU2C04,AGGCTGGTTTAGCGCGTTGTTCCAA,TACCTTATCACAATGATAACGTCTT
DB,CBU,DBCBU157,CBU1632,BC2,DBCBU2C05,ACAACCACCGGCCATAAGAGGGACA,ACAGTTTATTTTATTCCCCCCTATA
DB,CBU,DBCBU157,CBU1632,BC3,DBCBU2C06,CCGGCCAGACGAGCTAAAAAGGACA,AGTACTTTTGGGAATTCTAACATTG
DB,CBU,DBCBU158,CBU1633,BC1,DBCBU2C07,AAGGCTTGCAGGTTTCGATGAAAAG,TATTTCCTCCTCATACCATACTTTG
DB,CBU,DBCBU158,CBU1633,BC2,DBCBU2C08,CGGCCCCGTCTCTGACTAATTGGTC,CTCGGATGGTCTTCCATTGCTGCTT
DB,CBU,DBCBU158,CBU1633,BC3,DBCBU2C09,TACAATTACTCACCTTAGTGTCGAG,CGTCGTTCTTAAACTTTGCCAGATT
DB,CBU,DBCBU159,CBU1641,BC1,DBCBU2C13,TAGATACCCCCCGGGAGGATGCCAA,GTATCCGAGAGGATACCACTGTGTC
DB,CBU,DBCBU159,CBU1641,BC2,DBCBU2C14,AGAACTTATTATTATACACTAATTC,ACAGAAAGCCCATTTCGAACTTTAT
DB,CBU,DBCBU160,CBU1643,BC1,DBCBU2C17,ATAGAAATCAAATTAATTTATGAAT,CATAACCCCAAAAGTATTACAAGAA
DB,CBU,DBCBU160,CBU1643,BC2,DBCBU2C18,GCAACGTCTAAATATCACGAAAAT,CCTTACTTGTGTCTACGTGATTCTT
DB,CBU,DBCBU161,CBU1644,BC1,DBCBU2C19,AAACTCCCTATAAGTCTACAGTTCA,TTTGGTAATGTTTATAAGCTGAGTT
DB,CBU,DBCBU161,CBU1644,BC2,DBCBU2C20,CCTACGGTCAAGATTGCGCGCCACC,TTAGTGTAACTTCAGTGCATCTGAG
DB,CBU,DBCBU162,CBU1648,BC1,DBCBU2C24,AACAGGCCTAGGCGTAGGTTGTTTT,ATAGTATATTTTTGATACTAAAGAA
DB,CBU,DBCBU162,CBU1648,BC2,DBCBU2D17,CGCTTCAAACACTAAGTGCAGTGAC,AAGCAGATTTACGACTGTGTTTCGT
DB,CBU,DBCBU162,CBU1648,BC3,DBCBU2D18,CCGAGGGGCAGGTCTGCGGGACCTC,GATCATTTTATCGGTTTCGCCGCCT
DB,CBU,DBCBU163,CBU1649,BC1,DBCBU2D01,GGTCAAATGCTGATGAACGGCCAGA,TGTGGGTACTCCGTATGATAAATAG
DB,CBU,DBCBU163,CBU1649,BC2,DBCBU2D02,GCTCAACTTGATCCACCGTAGGTGA,TGACTGATACGCTTATGTTGGAAGG
DB,CBU,DBCBU163,CBU1649,BC3,DBCBU2D03,TGACACGTTCGCTTAGGCACGAGAC,TGCATTTGGTGGTATTAAAGGTTGC
DB,CBU,DBCBU165,CBU1652,BC1,DBCBU2D06,TAACCTATGTACATTGGAATACCGA,CAACTTTACCATCTATGTTAATGGC
DB,CBU,DBCBU165,CBU1652,BC2,DBCBU2D07,TGCTCCATGCAATCGTTAGTTCGAT,GATATTCGCCTGAAGAAAAA